simulation_number,round_probability,payout_multiplier
1,0.0002,0.25
2,0.0002,1.2
3,0.0002,0.2
4,0.0002,0.25
5,0.0002,1.0
6,0.0002,0.0
7,0.0002,0.5
8,0.0002,0.0
9,0.0002,0.2
10,0.0002,0.5
11,0.0002,0.6
12,0.0002,0.6
13,0.0002,1.1
14,0.0002,2.25
15,0.0002,0.5
16,0.0002,0.75
17,0.0002,1.25
18,0.0002,0.75
19,0.0002,1.2
20,0.0002,2.35
21,0.0002,1.0
22,0.0002,0.48
23,0.0002,0.48
24,0.0002,1.2
25,0.0002,1.0
26,0.0002,0.5
27,0.0002,1.1
28,0.0002,0.75
29,0.0002,0.0
30,0.0002,0.0
31,0.0002,0.4
32,0.0002,0.25
33,0.0002,0.0
34,0.0002,0.5
35,0.0002,0.25
36,0.0002,1.0
37,0.0002,0.6
38,0.0002,1.0
39,0.0002,0.0
40,0.0002,2.0
41,0.0002,0.0
42,0.0002,0.6
43,0.0002,3.75
44,0.0002,0.0
45,0.0002,0.25
46,0.0002,2.25
47,0.0002,2.5
48,0.0002,0.0
49,0.0002,1.1
50,0.0002,0.8
51,0.0002,1.0
52,0.0002,3.1
53,0.0002,0.5
54,0.0002,0.5
55,0.0002,0.5
56,0.0002,1.2
57,0.0002,2.5
58,0.0002,0.6
59,0.0002,0.5
60,0.0002,1.2
61,0.0002,0.0
62,0.0002,0.5
63,0.0002,0.0
64,0.0002,0.25
65,0.0002,0.5
66,0.0002,1.0
67,0.0002,1.25
68,0.0002,0.8
69,0.0002,1.0
70,0.0002,0.6
71,0.0002,0.6
72,0.0002,0.5
73,0.0002,1.0
74,0.0002,0.4
75,0.0002,1.0
76,0.0002,1.5
77,0.0002,0.5
78,0.0002,0.4
79,0.0002,0.25
80,0.0002,0.75
81,0.0002,8.25
82,0.0002,0.0
83,0.0002,0.25
84,0.0002,1.5
85,0.0002,0.0
86,0.0002,2.75
87,0.0002,1.2
88,0.0002,1.0
89,0.0002,1.0
90,0.0002,1.0
91,0.0002,1.0
92,0.0002,0.0
93,0.0002,0.8
94,0.0002,0.5
95,0.0002,0.0
96,0.0002,1.2
97,0.0002,1.1
98,0.0002,3.5
99,0.0002,0.4
100,0.0002,0.0
101,0.0002,1.0
102,0.0002,2.2
103,0.0002,0.0
104,0.0002,0.25
105,0.0002,0.0
106,0.0002,3.5
107,0.0002,1.85
108,0.0002,0.0
109,0.0002,1.0
110,0.0002,0.0
111,0.0002,1.0
112,0.0002,1.0
113,0.0002,1.0
114,0.0002,0.6
115,0.0002,0.75
116,0.0002,0.25
117,0.0002,0.0
118,0.0002,0.5
119,0.0002,0.25
120,0.0002,0.4
121,0.0002,0.5
122,0.0002,0.5
123,0.0002,0.0
124,0.0002,1.0
125,0.0002,2.5
126,0.0002,0.25
127,0.0002,0.0
128,0.0002,3.5
129,0.0002,1.0
130,0.0002,1.2
131,0.0002,0.0
132,0.0002,0.25
133,0.0002,0.75
134,0.0002,0.5
135,0.0002,1.2
136,0.0002,0.666667
137,0.0002,1.1
138,0.0002,0.0
139,0.0002,1.2
140,0.0002,0.0
141,0.0002,0.25
142,0.0002,0.0
143,0.0002,0.5
144,0.0002,1.333333
145,0.0002,0.5
146,0.0002,2.2
147,0.0002,0.0
148,0.0002,0.8
149,0.0002,1.0
150,0.0002,0.0
151,0.0002,1.2
152,0.0002,0.0
153,0.0002,0.0
154,0.0002,0.5
155,0.0002,0.5
156,0.0002,0.25
157,0.0002,3.0
158,0.0002,0.5
159,0.0002,0.5
160,0.0002,1.25
161,0.0002,0.5
162,0.0002,0.8
163,0.0002,1.0
164,0.0002,0.75
165,0.0002,0.5
166,0.0002,1.0
167,0.0002,0.0
168,0.0002,0.0
169,0.0002,0.25
170,0.0002,1.1
171,0.0002,1.0
172,0.0002,0.0
173,0.0002,1.2
174,0.0002,0.0
175,0.0002,1.0
176,0.0002,1.0
177,0.0002,0.25
178,0.0002,2.0
179,0.0002,1.0
180,0.0002,1.75
181,0.0002,0.4
182,0.0002,0.0
183,0.0002,0.4
184,0.0002,0.0
185,0.0002,0.4
186,0.0002,0.8
187,0.0002,0.0
188,0.0002,0.0
189,0.0002,1.0
190,0.0002,0.0
191,0.0002,0.0
192,0.0002,1.2
193,0.0002,0.0
194,0.0002,0.0
195,0.0002,0.0
196,0.0002,0.0
197,0.0002,0.0
198,0.0002,0.0
199,0.0002,1.1
200,0.0002,1.0
201,0.0002,0.25
202,0.0002,0.5
203,0.0002,1.0
204,0.0002,0.75
205,0.0002,1.0
206,0.0002,0.0
207,0.0002,0.0
208,0.0002,1.0
209,0.0002,1.0
210,0.0002,1.0
211,0.0002,1.0
212,0.0002,0.5
213,0.0002,0.8
214,0.0002,1.0
215,0.0002,0.75
216,0.0002,0.0
217,0.0002,1.1
218,0.0002,0.0
219,0.0002,1.333333
220,0.0002,0.25
221,0.0002,1.0
222,0.0002,0.0
223,0.0002,0.75
224,0.0002,0.25
225,0.0002,0.0
226,0.0002,1.2
227,0.0002,0.0
228,0.0002,3.0
229,0.0002,1.5
230,0.0002,0.0
231,0.0002,0.0
232,0.0002,0.0
233,0.0002,0.5
234,0.0002,0.4
235,0.0002,1.0
236,0.0002,0.25
237,0.0002,0.0
238,0.0002,1.28
239,0.0002,0.0
240,0.0002,1.1
241,0.0002,1.28
242,0.0002,1.75
243,0.0002,1.0
244,0.0002,0.25
245,0.0002,0.0
246,0.0002,0.5
247,0.0002,0.6
248,0.0002,0.0
249,0.0002,1.1
250,0.0002,0.5
251,0.0002,0.5
252,0.0002,0.4
253,0.0002,1.5
254,0.0002,1.0
255,0.0002,3.0
256,0.0002,0.85
257,0.0002,0.25
258,0.0002,1.2
259,0.0002,0.0
260,0.0002,0.5
261,0.0002,0.88
262,0.0002,0.0
263,0.0002,0.0
264,0.0002,0.2
265,0.0002,1.0
266,0.0002,2.25
267,0.0002,2.2
268,0.0002,0.0
269,0.0002,0.0
270,0.0002,1.0
271,0.0002,0.8
272,0.0002,0.5
273,0.0002,1.0
274,0.0002,0.0
275,0.0002,1.0
276,0.0002,2.0
277,0.0002,0.4
278,0.0002,0.5
279,0.0002,0.0
280,0.0002,1.0
281,0.0002,0.0
282,0.0002,0.0
283,0.0002,1.5
284,0.0002,0.8
285,0.0002,1.0
286,0.0002,1.28
287,0.0002,1.1
288,0.0002,3.75
289,0.0002,0.5
290,0.0002,1.25
291,0.0002,0.0
292,0.0002,0.5
293,0.0002,0.0
294,0.0002,0.5
295,0.0002,0.75
296,0.0002,0.5
297,0.0002,0.5
298,0.0002,1.75
299,0.0002,1.25
300,0.0002,0.0
301,0.0002,0.8
302,0.0002,0.5
303,0.0002,3.5
304,0.0002,1.0
305,0.0002,0.0
306,0.0002,0.6
307,0.0002,0.0
308,0.0002,0.0
309,0.0002,1.0
310,0.0002,1.1
311,0.0002,0.25
312,0.0002,1.2
313,0.0002,0.5
314,0.0002,0.0
315,0.0002,1.25
316,0.0002,2.75
317,0.0002,0.6
318,0.0002,0.8
319,0.0002,0.0
320,0.0002,0.6
321,0.0002,0.5
322,0.0002,2.5
323,0.0002,0.0
324,0.0002,1.4
325,0.0002,1.25
326,0.0002,0.5
327,0.0002,0.5
328,0.0002,0.0
329,0.0002,1.5
330,0.0002,3.6
331,0.0002,0.8
332,0.0002,0.5
333,0.0002,1.0
334,0.0002,0.0
335,0.0002,0.4
336,0.0002,0.0
337,0.0002,2.25
338,0.0002,1.0
339,0.0002,0.25
340,0.0002,1.0
341,0.0002,1.0
342,0.0002,1.2
343,0.0002,0.2
344,0.0002,0.0
345,0.0002,0.5
346,0.0002,0.5
347,0.0002,0.0
348,0.0002,0.8
349,0.0002,2.25
350,0.0002,0.0
351,0.0002,0.0
352,0.0002,0.75
353,0.0002,0.0
354,0.0002,0.0
355,0.0002,0.0
356,0.0002,0.75
357,0.0002,1.1
358,0.0002,1.5
359,0.0002,0.5
360,0.0002,0.75
361,0.0002,1.25
362,0.0002,1.0
363,0.0002,1.2
364,0.0002,1.0
365,0.0002,0.0
366,0.0002,1.75
367,0.0002,0.0
368,0.0002,6.0
369,0.0002,3.25
370,0.0002,0.5
371,0.0002,1.5
372,0.0002,1.0
373,0.0002,1.25
374,0.0002,0.0
375,0.0002,0.0
376,0.0002,1.0
377,0.0002,0.5
378,0.0002,0.0
379,0.0002,1.2
380,0.0002,2.1
381,0.0002,0.5
382,0.0002,0.5
383,0.0002,0.0
384,0.0002,1.2
385,0.0002,3.0
386,0.0002,8.0
387,0.0002,1.0
388,0.0002,2.5
389,0.0002,0.0
390,0.0002,2.2
391,0.0002,0.5
392,0.0002,1.2
393,0.0002,1.75
394,0.0002,1.0
395,0.0002,2.0
396,0.0002,0.0
397,0.0002,2.8
398,0.0002,1.25
399,0.0002,0.0
400,0.0002,0.0
401,0.0002,1.28
402,0.0002,0.0
403,0.0002,1.28
404,0.0002,1.28
405,0.0002,1.0
406,0.0002,2.25
407,0.0002,1.0
408,0.0002,1.25
409,0.0002,1.0
410,0.0002,0.0
411,0.0002,1.1
412,0.0002,1.2
413,0.0002,1.25
414,0.0002,1.1
415,0.0002,1.1
416,0.0002,0.5
417,0.0002,1.25
418,0.0002,0.5
419,0.0002,1.25
420,0.0002,0.0
421,0.0002,1.1
422,0.0002,0.166667
423,0.0002,0.0
424,0.0002,0.6
425,0.0002,0.0
426,0.0002,0.0
427,0.0002,0.5
428,0.0002,0.25
429,0.0002,1.28
430,0.0002,0.8
431,0.0002,0.0
432,0.0002,0.0
433,0.0002,0.0
434,0.0002,1.5
435,0.0002,0.4
436,0.0002,0.0
437,0.0002,0.0
438,0.0002,0.2
439,0.0002,0.0
440,0.0002,1.0
441,0.0002,0.5
442,0.0002,2.25
443,0.0002,0.25
444,0.0002,0.0
445,0.0002,3.0
446,0.0002,0.0
447,0.0002,1.2
448,0.0002,1.0
449,0.0002,1.0
450,0.0002,0.6
451,0.0002,2.5
452,0.0002,1.0
453,0.0002,1.0
454,0.0002,0.0
455,0.0002,1.0
456,0.0002,0.5
457,0.0002,0.0
458,0.0002,0.0
459,0.0002,1.2
460,0.0002,1.75
461,0.0002,0.0
462,0.0002,1.0
463,0.0002,2.25
464,0.0002,1.0
465,0.0002,0.0
466,0.0002,0.5
467,0.0002,1.0
468,0.0002,0.5
469,0.0002,1.25
470,0.0002,1.0
471,0.0002,0.0
472,0.0002,1.2
473,0.0002,0.85
474,0.0002,0.5
475,0.0002,11.1
476,0.0002,0.0
477,0.0002,0.0
478,0.0002,1.0
479,0.0002,0.25
480,0.0002,1.0
481,0.0002,0.0
482,0.0002,0.25
483,0.0002,1.0
484,0.0002,0.5
485,0.0002,0.25
486,0.0002,0.5
487,0.0002,0.0
488,0.0002,0.0
489,0.0002,0.85
490,0.0002,1.2
491,0.0002,0.0
492,0.0002,0.5
493,0.0002,0.0
494,0.0002,0.0
495,0.0002,0.6
496,0.0002,1.2
497,0.0002,0.5
498,0.0002,0.6
499,0.0002,1.0
500,0.0002,0.5
501,0.0002,1.2
502,0.0002,0.0
503,0.0002,0.6
504,0.0002,1.0
505,0.0002,0.0
506,0.0002,1.2
507,0.0002,0.25
508,0.0002,0.0
509,0.0002,1.25
510,0.0002,1.8
511,0.0002,0.4
512,0.0002,0.0
513,0.0002,0.25
514,0.0002,1.0
515,0.0002,0.75
516,0.0002,0.0
517,0.0002,0.6
518,0.0002,1.0
519,0.0002,1.5
520,0.0002,2.35
521,0.0002,1.0
522,0.0002,8.5
523,0.0002,0.0
524,0.0002,1.333333
525,0.0002,0.0
526,0.0002,1.0
527,0.0002,0.5
528,0.0002,1.2
529,0.0002,0.5
530,0.0002,0.25
531,0.0002,0.75
532,0.0002,2.8
533,0.0002,0.0
534,0.0002,0.5
535,0.0002,0.0
536,0.0002,1.0
537,0.0002,0.75
538,0.0002,1.0
539,0.0002,1.75
540,0.0002,1.25
541,0.0002,0.25
542,0.0002,2.75
543,0.0002,1.28
544,0.0002,0.6
545,0.0002,0.0
546,0.0002,0.5
547,0.0002,0.0
548,0.0002,0.0
549,0.0002,1.2
550,0.0002,1.0
551,0.0002,0.5
552,0.0002,0.0
553,0.0002,0.25
554,0.0002,0.0
555,0.0002,0.5
556,0.0002,1.0
557,0.0002,0.5
558,0.0002,0.0
559,0.0002,0.6
560,0.0002,1.1
561,0.0002,0.0
562,0.0002,0.5
563,0.0002,0.0
564,0.0002,0.0
565,0.0002,0.0
566,0.0002,2.25
567,0.0002,1.1
568,0.0002,1.0
569,0.0002,1.0
570,0.0002,0.48
571,0.0002,1.0
572,0.0002,1.0
573,0.0002,0.0
574,0.0002,0.75
575,0.0002,0.0
576,0.0002,0.25
577,0.0002,0.5
578,0.0002,1.2
579,0.0002,0.5
580,0.0002,0.5
581,0.0002,2.35
582,0.0002,1.2
583,0.0002,0.5
584,0.0002,0.6
585,0.0002,0.5
586,0.0002,0.0
587,0.0002,1.75
588,0.0002,2.4
589,0.0002,0.5
590,0.0002,1.0
591,0.0002,0.0
592,0.0002,2.25
593,0.0002,1.25
594,0.0002,0.75
595,0.0002,0.6
596,0.0002,0.0
597,0.0002,1.0
598,0.0002,3.2
599,0.0002,1.1
600,0.0002,0.5
601,0.0002,1.0
602,0.0002,0.0
603,0.0002,0.0
604,0.0002,1.0
605,0.0002,2.75
606,0.0002,0.75
607,0.0002,0.5
608,0.0002,0.833333
609,0.0002,0.0
610,0.0002,0.5
611,0.0002,1.0
612,0.0002,0.5
613,0.0002,1.0
614,0.0002,0.0
615,0.0002,0.0
616,0.0002,0.75
617,0.0002,1.0
618,0.0002,1.0
619,0.0002,1.0
620,0.0002,1.2
621,0.0002,1.0
622,0.0002,0.0
623,0.0002,3.5
624,0.0002,0.8
625,0.0002,0.8
626,0.0002,0.5
627,0.0002,1.0
628,0.0002,1.28
629,0.0002,1.2
630,0.0002,0.0
631,0.0002,0.5
632,0.0002,2.75
633,0.0002,0.0
634,0.0002,0.0
635,0.0002,0.75
636,0.0002,2.0
637,0.0002,1.0
638,0.0002,0.75
639,0.0002,0.5
640,0.0002,0.0
641,0.0002,1.75
642,0.0002,0.5
643,0.0002,0.0
644,0.0002,1.0
645,0.0002,0.0
646,0.0002,0.8
647,0.0002,1.25
648,0.0002,1.0
649,0.0002,0.6
650,0.0002,2.5
651,0.0002,2.75
652,0.0002,0.0
653,0.0002,0.0
654,0.0002,0.0
655,0.0002,0.85
656,0.0002,2.5
657,0.0002,0.0
658,0.0002,8.5
659,0.0002,0.0
660,0.0002,1.0
661,0.0002,1.75
662,0.0002,1.0
663,0.0002,0.25
664,0.0002,0.25
665,0.0002,0.4
666,0.0002,0.0
667,0.0002,0.0
668,0.0002,0.0
669,0.0002,1.25
670,0.0002,1.0
671,0.0002,0.0
672,0.0002,0.25
673,0.0002,1.2
674,0.0002,1.28
675,0.0002,1.75
676,0.0002,0.0
677,0.0002,0.4
678,0.0002,2.5
679,0.0002,1.28
680,0.0002,2.5
681,0.0002,0.25
682,0.0002,2.5
683,0.0002,0.6
684,0.0002,0.8
685,0.0002,1.0
686,0.0002,2.75
687,0.0002,0.6
688,0.0002,0.0
689,0.0002,0.25
690,0.0002,1.0
691,0.0002,0.5
692,0.0002,0.25
693,0.0002,1.0
694,0.0002,0.5
695,0.0002,1.0
696,0.0002,1.2
697,0.0002,0.85
698,0.0002,1.75
699,0.0002,0.5
700,0.0002,0.5
701,0.0002,1.4
702,0.0002,0.75
703,0.0002,0.4
704,0.0002,3.0
705,0.0002,1.0
706,0.0002,1.2
707,0.0002,0.0
708,0.0002,0.85
709,0.0002,0.0
710,0.0002,0.0
711,0.0002,0.25
712,0.0002,1.8
713,0.0002,1.75
714,0.0002,0.25
715,0.0002,0.5
716,0.0002,2.0
717,0.0002,0.4
718,0.0002,0.5
719,0.0002,0.25
720,0.0002,1.2
721,0.0002,1.0
722,0.0002,0.0
723,0.0002,1.25
724,0.0002,0.5
725,0.0002,7.2
726,0.0002,0.5
727,0.0002,0.5
728,0.0002,1.0
729,0.0002,0.0
730,0.0002,0.0
731,0.0002,0.0
732,0.0002,1.0
733,0.0002,0.0
734,0.0002,0.0
735,0.0002,0.0
736,0.0002,0.4
737,0.0002,1.0
738,0.0002,0.6
739,0.0002,0.0
740,0.0002,0.0
741,0.0002,0.25
742,0.0002,1.25
743,0.0002,1.0
744,0.0002,1.28
745,0.0002,0.8
746,0.0002,1.0
747,0.0002,1.8
748,0.0002,0.5
749,0.0002,0.4
750,0.0002,0.25
751,0.0002,0.5
752,0.0002,0.25
753,0.0002,0.25
754,0.0002,1.0
755,0.0002,1.2
756,0.0002,0.0
757,0.0002,1.0
758,0.0002,0.0
759,0.0002,3.0
760,0.0002,0.5
761,0.0002,1.75
762,0.0002,2.35
763,0.0002,0.85
764,0.0002,0.5
765,0.0002,0.0
766,0.0002,0.5
767,0.0002,0.5
768,0.0002,0.0
769,0.0002,0.88
770,0.0002,0.0
771,0.0002,0.5
772,0.0002,1.1
773,0.0002,0.25
774,0.0002,0.0
775,0.0002,2.35
776,0.0002,3.75
777,0.0002,0.75
778,0.0002,0.0
779,0.0002,1.0
780,0.0002,0.25
781,0.0002,0.5
782,0.0002,0.48
783,0.0002,2.2
784,0.0002,2.25
785,0.0002,0.25
786,0.0002,1.333333
787,0.0002,1.1
788,0.0002,0.25
789,0.0002,0.5
790,0.0002,0.0
791,0.0002,0.8
792,0.0002,3.1
793,0.0002,0.0
794,0.0002,0.0
795,0.0002,0.0
796,0.0002,0.0
797,0.0002,1.1
798,0.0002,0.333333
799,0.0002,2.25
800,0.0002,1.0
801,0.0002,2.25
802,0.0002,1.0
803,0.0002,1.0
804,0.0002,0.5
805,0.0002,0.0
806,0.0002,1.25
807,0.0002,1.0
808,0.0002,2.5
809,0.0002,1.75
810,0.0002,0.5
811,0.0002,0.0
812,0.0002,2.75
813,0.0002,0.5
814,0.0002,1.75
815,0.0002,1.0
816,0.0002,0.25
817,0.0002,1.2
818,0.0002,1.1
819,0.0002,0.6
820,0.0002,0.25
821,0.0002,1.0
822,0.0002,0.75
823,0.0002,1.0
824,0.0002,1.0
825,0.0002,1.0
826,0.0002,0.25
827,0.0002,1.0
828,0.0002,0.0
829,0.0002,0.0
830,0.0002,3.2
831,0.0002,0.0
832,0.0002,0.8
833,0.0002,2.25
834,0.0002,0.0
835,0.0002,0.6
836,0.0002,0.0
837,0.0002,1.2
838,0.0002,0.0
839,0.0002,1.1
840,0.0002,0.0
841,0.0002,2.5
842,0.0002,0.0
843,0.0002,0.0
844,0.0002,0.0
845,0.0002,0.0
846,0.0002,0.0
847,0.0002,1.2
848,0.0002,1.0
849,0.0002,1.4
850,0.0002,0.5
851,0.0002,1.0
852,0.0002,3.2
853,0.0002,0.0
854,0.0002,1.1
855,0.0002,1.0
856,0.0002,1.0
857,0.0002,1.2
858,0.0002,0.5
859,0.0002,0.25
860,0.0002,0.8
861,0.0002,0.5
862,0.0002,2.25
863,0.0002,0.5
864,0.0002,2.2
865,0.0002,0.0
866,0.0002,0.0
867,0.0002,1.25
868,0.0002,1.2
869,0.0002,1.0
870,0.0002,0.0
871,0.0002,2.25
872,0.0002,0.5
873,0.0002,0.0
874,0.0002,1.0
875,0.0002,1.5
876,0.0002,8.5
877,0.0002,1.25
878,0.0002,1.0
879,0.0002,0.0
880,0.0002,0.25
881,0.0002,1.0
882,0.0002,0.0
883,0.0002,1.0
884,0.0002,0.75
885,0.0002,0.6
886,0.0002,0.0
887,0.0002,2.5
888,0.0002,0.6
889,0.0002,1.0
890,0.0002,0.5
891,0.0002,3.0
892,0.0002,1.0
893,0.0002,1.75
894,0.0002,0.48
895,0.0002,0.8
896,0.0002,4.25
897,0.0002,0.0
898,0.0002,3.0
899,0.0002,0.0
900,0.0002,1.0
901,0.0002,0.0
902,0.0002,1.25
903,0.0002,0.0
904,0.0002,2.25
905,0.0002,1.75
906,0.0002,0.0
907,0.0002,1.2
908,0.0002,1.0
909,0.0002,1.0
910,0.0002,0.0
911,0.0002,2.25
912,0.0002,0.0
913,0.0002,1.0
914,0.0002,1.1
915,0.0002,1.0
916,0.0002,2.25
917,0.0002,0.0
918,0.0002,0.5
919,0.0002,0.5
920,0.0002,0.0
921,0.0002,0.5
922,0.0002,0.0
923,0.0002,0.0
924,0.0002,3.5
925,0.0002,0.0
926,0.0002,0.0
927,0.0002,0.5
928,0.0002,0.0
929,0.0002,0.25
930,0.0002,0.0
931,0.0002,0.25
932,0.0002,3.5
933,0.0002,2.5
934,0.0002,1.1
935,0.0002,0.0
936,0.0002,2.4
937,0.0002,0.0
938,0.0002,0.6
939,0.0002,0.5
940,0.0002,0.0
941,0.0002,3.5
942,0.0002,0.0
943,0.0002,0.0
944,0.0002,0.5
945,0.0002,1.2
946,0.0002,0.5
947,0.0002,0.4
948,0.0002,2.5
949,0.0002,0.25
950,0.0002,0.0
951,0.0002,0.5
952,0.0002,1.2
953,0.0002,0.0
954,0.0002,0.25
955,0.0002,3.25
956,0.0002,0.75
957,0.0002,1.0
958,0.0002,0.0
959,0.0002,0.75
960,0.0002,0.6
961,0.0002,0.0
962,0.0002,1.25
963,0.0002,1.0
964,0.0002,0.5
965,0.0002,0.5
966,0.0002,0.85
967,0.0002,0.0
968,0.0002,0.25
969,0.0002,1.25
970,0.0002,0.5
971,0.0002,0.6
972,0.0002,0.0
973,0.0002,0.2
974,0.0002,1.0
975,0.0002,0.75
976,0.0002,0.25
977,0.0002,0.25
978,0.0002,0.0
979,0.0002,1.0
980,0.0002,0.4
981,0.0002,0.6
982,0.0002,1.0
983,0.0002,8.0
984,0.0002,1.0
985,0.0002,0.0
986,0.0002,1.0
987,0.0002,0.0
988,0.0002,0.5
989,0.0002,1.0
990,0.0002,0.8
991,0.0002,0.0
992,0.0002,10.75
993,0.0002,1.5
994,0.0002,0.25
995,0.0002,0.0
996,0.0002,0.5
997,0.0002,0.0
998,0.0002,1.2
999,0.0002,1.0
1000,0.0002,1.0
1001,0.0002,0.0
1002,0.0002,3.1
1003,0.0002,2.5
1004,0.0002,0.0
1005,0.0002,1.1
1006,0.0002,0.0
1007,0.0002,3.0
1008,0.0002,3.0
1009,0.0002,0.0
1010,0.0002,0.5
1011,0.0002,0.0
1012,0.0002,0.5
1013,0.0002,3.5
1014,0.0002,0.0
1015,0.0002,0.5
1016,0.0002,0.0
1017,0.0002,0.0
1018,0.0002,1.28
1019,0.0002,1.2
1020,0.0002,0.5
1021,0.0002,0.85
1022,0.0002,0.75
1023,0.0002,0.0
1024,0.0002,1.0
1025,0.0002,0.75
1026,0.0002,0.25
1027,0.0002,0.5
1028,0.0002,0.0
1029,0.0002,0.0
1030,0.0002,0.25
1031,0.0002,0.0
1032,0.0002,0.5
1033,0.0002,0.25
1034,0.0002,0.0
1035,0.0002,1.0
1036,0.0002,0.0
1037,0.0002,0.0
1038,0.0002,3.1
1039,0.0002,3.1
1040,0.0002,0.0
1041,0.0002,0.8
1042,0.0002,0.25
1043,0.0002,0.0
1044,0.0002,1.2
1045,0.0002,3.0
1046,0.0002,0.5
1047,0.0002,1.0
1048,0.0002,0.25
1049,0.0002,0.5
1050,0.0002,0.5
1051,0.0002,0.5
1052,0.0002,2.25
1053,0.0002,1.0
1054,0.0002,0.8
1055,0.0002,0.0
1056,0.0002,1.2
1057,0.0002,0.6
1058,0.0002,0.25
1059,0.0002,0.5
1060,0.0002,2.0
1061,0.0002,1.0
1062,0.0002,0.6
1063,0.0002,0.25
1064,0.0002,1.0
1065,0.0002,1.2
1066,0.0002,1.75
1067,0.0002,0.25
1068,0.0002,1.0
1069,0.0002,0.0
1070,0.0002,1.5
1071,0.0002,3.0
1072,0.0002,0.5
1073,0.0002,0.5
1074,0.0002,1.2
1075,0.0002,0.0
1076,0.0002,1.2
1077,0.0002,0.0
1078,0.0002,2.2
1079,0.0002,0.6
1080,0.0002,1.0
1081,0.0002,1.25
1082,0.0002,0.25
1083,0.0002,1.25
1084,0.0002,0.25
1085,0.0002,0.25
1086,0.0002,1.0
1087,0.0002,0.25
1088,0.0002,1.1
1089,0.0002,1.0
1090,0.0002,1.85
1091,0.0002,1.0
1092,0.0002,3.5
1093,0.0002,0.6
1094,0.0002,1.0
1095,0.0002,0.25
1096,0.0002,0.8
1097,0.0002,0.25
1098,0.0002,5.0
1099,0.0002,0.8
1100,0.0002,0.0
1101,0.0002,0.0
1102,0.0002,0.0
1103,0.0002,0.0
1104,0.0002,0.0
1105,0.0002,1.25
1106,0.0002,0.0
1107,0.0002,0.6
1108,0.0002,0.75
1109,0.0002,0.0
1110,0.0002,1.0
1111,0.0002,0.75
1112,0.0002,0.25
1113,0.0002,0.4
1114,0.0002,1.0
1115,0.0002,0.0
1116,0.0002,1.0
1117,0.0002,1.0
1118,0.0002,1.75
1119,0.0002,1.0
1120,0.0002,0.0
1121,0.0002,0.75
1122,0.0002,1.75
1123,0.0002,0.5
1124,0.0002,0.666667
1125,0.0002,1.28
1126,0.0002,1.85
1127,0.0002,2.2
1128,0.0002,0.6
1129,0.0002,0.6
1130,0.0002,0.6
1131,0.0002,1.0
1132,0.0002,3.0
1133,0.0002,1.25
1134,0.0002,0.0
1135,0.0002,1.2
1136,0.0002,1.0
1137,0.0002,1.2
1138,0.0002,2.25
1139,0.0002,1.25
1140,0.0002,0.75
1141,0.0002,1.0
1142,0.0002,1.25
1143,0.0002,3.2
1144,0.0002,2.1
1145,0.0002,0.0
1146,0.0002,2.25
1147,0.0002,0.5
1148,0.0002,2.0
1149,0.0002,0.25
1150,0.0002,0.5
1151,0.0002,0.0
1152,0.0002,0.5
1153,0.0002,1.2
1154,0.0002,0.8
1155,0.0002,2.2
1156,0.0002,0.0
1157,0.0002,3.0
1158,0.0002,2.25
1159,0.0002,0.25
1160,0.0002,0.25
1161,0.0002,0.0
1162,0.0002,3.1
1163,0.0002,0.8
1164,0.0002,2.75
1165,0.0002,1.75
1166,0.0002,0.8
1167,0.0002,2.25
1168,0.0002,0.0
1169,0.0002,1.0
1170,0.0002,0.0
1171,0.0002,1.0
1172,0.0002,0.8
1173,0.0002,1.75
1174,0.0002,0.0
1175,0.0002,0.5
1176,0.0002,0.6
1177,0.0002,1.0
1178,0.0002,1.5
1179,0.0002,4.0
1180,0.0002,0.0
1181,0.0002,1.0
1182,0.0002,1.0
1183,0.0002,0.25
1184,0.0002,0.0
1185,0.0002,0.75
1186,0.0002,0.0
1187,0.0002,3.25
1188,0.0002,0.0
1189,0.0002,0.75
1190,0.0002,0.0
1191,0.0002,0.0
1192,0.0002,3.5
1193,0.0002,0.0
1194,0.0002,1.0
1195,0.0002,1.0
1196,0.0002,0.0
1197,0.0002,1.0
1198,0.0002,1.0
1199,0.0002,0.25
1200,0.0002,0.5
1201,0.0002,0.25
1202,0.0002,1.0
1203,0.0002,0.0
1204,0.0002,0.0
1205,0.0002,0.0
1206,0.0002,0.0
1207,0.0002,1.2
1208,0.0002,1.25
1209,0.0002,0.0
1210,0.0002,0.5
1211,0.0002,3.2
1212,0.0002,0.25
1213,0.0002,1.0
1214,0.0002,0.75
1215,0.0002,0.0
1216,0.0002,0.4
1217,0.0002,1.0
1218,0.0002,0.6
1219,0.0002,0.0
1220,0.0002,1.25
1221,0.0002,1.0
1222,0.0002,1.0
1223,0.0002,0.5
1224,0.0002,0.5
1225,0.0002,0.5
1226,0.0002,2.75
1227,0.0002,1.0
1228,0.0002,0.0
1229,0.0002,1.0
1230,0.0002,1.0
1231,0.0002,1.0
1232,0.0002,0.5
1233,0.0002,0.25
1234,0.0002,0.5
1235,0.0002,0.6
1236,0.0002,0.5
1237,0.0002,1.28
1238,0.0002,0.666667
1239,0.0002,3.0
1240,0.0002,0.85
1241,0.0002,0.75
1242,0.0002,0.5
1243,0.0002,1.0
1244,0.0002,0.25
1245,0.0002,0.4
1246,0.0002,0.75
1247,0.0002,0.0
1248,0.0002,0.0
1249,0.0002,1.0
1250,0.0002,1.0
1251,0.0002,0.5
1252,0.0002,1.0
1253,0.0002,0.25
1254,0.0002,0.25
1255,0.0002,0.85
1256,0.0002,0.5
1257,0.0002,0.0
1258,0.0002,0.0
1259,0.0002,0.0
1260,0.0002,0.0
1261,0.0002,0.5
1262,0.0002,0.4
1263,0.0002,1.0
1264,0.0002,1.0
1265,0.0002,0.25
1266,0.0002,0.8
1267,0.0002,0.5
1268,0.0002,0.833333
1269,0.0002,0.0
1270,0.0002,1.0
1271,0.0002,1.2
1272,0.0002,0.6
1273,0.0002,0.0
1274,0.0002,0.0
1275,0.0002,0.25
1276,0.0002,2.5
1277,0.0002,1.25
1278,0.0002,0.5
1279,0.0002,0.0
1280,0.0002,1.1
1281,0.0002,0.0
1282,0.0002,0.8
1283,0.0002,0.8
1284,0.0002,0.0
1285,0.0002,2.25
1286,0.0002,2.8
1287,0.0002,0.25
1288,0.0002,0.8
1289,0.0002,0.0
1290,0.0002,0.0
1291,0.0002,1.1
1292,0.0002,0.5
1293,0.0002,0.85
1294,0.0002,0.0
1295,0.0002,1.0
1296,0.0002,0.8
1297,0.0002,0.0
1298,0.0002,1.0
1299,0.0002,2.25
1300,0.0002,0.0
1301,0.0002,0.6
1302,0.0002,1.0
1303,0.0002,0.5
1304,0.0002,1.0
1305,0.0002,0.0
1306,0.0002,0.0
1307,0.0002,1.2
1308,0.0002,1.75
1309,0.0002,0.5
1310,0.0002,1.75
1311,0.0002,0.5
1312,0.0002,0.5
1313,0.0002,0.6
1314,0.0002,1.0
1315,0.0002,1.75
1316,0.0002,0.25
1317,0.0002,1.0
1318,0.0002,0.0
1319,0.0002,1.2
1320,0.0002,1.0
1321,0.0002,0.5
1322,0.0002,0.0
1323,0.0002,0.0
1324,0.0002,0.0
1325,0.0002,7.5
1326,0.0002,1.85
1327,0.0002,0.6
1328,0.0002,0.0
1329,0.0002,0.0
1330,0.0002,1.2
1331,0.0002,0.0
1332,0.0002,1.2
1333,0.0002,0.25
1334,0.0002,1.75
1335,0.0002,0.0
1336,0.0002,1.0
1337,0.0002,1.0
1338,0.0002,0.0
1339,0.0002,0.666667
1340,0.0002,1.0
1341,0.0002,3.28
1342,0.0002,0.0
1343,0.0002,0.8
1344,0.0002,0.0
1345,0.0002,0.0
1346,0.0002,0.0
1347,0.0002,0.5
1348,0.0002,0.0
1349,0.0002,0.4
1350,0.0002,0.0
1351,0.0002,1.5
1352,0.0002,0.666667
1353,0.0002,0.0
1354,0.0002,3.0
1355,0.0002,0.5
1356,0.0002,0.0
1357,0.0002,2.35
1358,0.0002,0.6
1359,0.0002,0.25
1360,0.0002,0.5
1361,0.0002,2.5
1362,0.0002,0.0
1363,0.0002,2.75
1364,0.0002,1.2
1365,0.0002,1.1
1366,0.0002,0.0
1367,0.0002,1.75
1368,0.0002,1.1
1369,0.0002,0.5
1370,0.0002,1.0
1371,0.0002,0.0
1372,0.0002,2.25
1373,0.0002,2.35
1374,0.0002,0.0
1375,0.0002,0.8
1376,0.0002,2.25
1377,0.0002,0.0
1378,0.0002,0.0
1379,0.0002,1.28
1380,0.0002,0.25
1381,0.0002,0.0
1382,0.0002,1.8
1383,0.0002,0.25
1384,0.0002,0.25
1385,0.0002,0.0
1386,0.0002,0.0
1387,0.0002,1.0
1388,0.0002,0.5
1389,0.0002,0.0
1390,0.0002,0.0
1391,0.0002,0.0
1392,0.0002,0.0
1393,0.0002,0.2
1394,0.0002,0.0
1395,0.0002,0.0
1396,0.0002,0.5
1397,0.0002,0.5
1398,0.0002,0.25
1399,0.0002,0.0
1400,0.0002,0.4
1401,0.0002,0.0
1402,0.0002,0.25
1403,0.0002,0.5
1404,0.0002,0.0
1405,0.0002,0.0
1406,0.0002,1.0
1407,0.0002,0.0
1408,0.0002,0.5
1409,0.0002,0.0
1410,0.0002,0.5
1411,0.0002,0.5
1412,0.0002,1.0
1413,0.0002,1.0
1414,0.0002,1.0
1415,0.0002,0.6
1416,0.0002,2.25
1417,0.0002,0.5
1418,0.0002,0.0
1419,0.0002,0.5
1420,0.0002,1.4
1421,0.0002,0.0
1422,0.0002,0.0
1423,0.0002,0.5
1424,0.0002,0.6
1425,0.0002,9.25
1426,0.0002,1.2
1427,0.0002,0.0
1428,0.0002,1.2
1429,0.0002,0.25
1430,0.0002,0.5
1431,0.0002,0.25
1432,0.0002,0.6
1433,0.0002,0.5
1434,0.0002,0.0
1435,0.0002,0.0
1436,0.0002,3.5
1437,0.0002,2.25
1438,0.0002,1.2
1439,0.0002,0.0
1440,0.0002,0.0
1441,0.0002,0.0
1442,0.0002,1.85
1443,0.0002,3.5
1444,0.0002,0.0
1445,0.0002,3.0
1446,0.0002,3.5
1447,0.0002,1.0
1448,0.0002,1.0
1449,0.0002,1.0
1450,0.0002,0.6
1451,0.0002,1.0
1452,0.0002,2.25
1453,0.0002,2.75
1454,0.0002,0.5
1455,0.0002,0.4
1456,0.0002,1.0
1457,0.0002,0.2
1458,0.0002,1.25
1459,0.0002,0.5
1460,0.0002,1.2
1461,0.0002,1.166667
1462,0.0002,0.5
1463,0.0002,0.0
1464,0.0002,0.6
1465,0.0002,0.0
1466,0.0002,1.75
1467,0.0002,0.25
1468,0.0002,0.6
1469,0.0002,1.1
1470,0.0002,2.5
1471,0.0002,0.8
1472,0.0002,0.25
1473,0.0002,0.5
1474,0.0002,0.0
1475,0.0002,0.0
1476,0.0002,0.5
1477,0.0002,1.0
1478,0.0002,1.25
1479,0.0002,2.5
1480,0.0002,1.0
1481,0.0002,0.5
1482,0.0002,0.0
1483,0.0002,1.75
1484,0.0002,2.5
1485,0.0002,1.0
1486,0.0002,0.75
1487,0.0002,0.75
1488,0.0002,1.2
1489,0.0002,0.0
1490,0.0002,1.8
1491,0.0002,0.0
1492,0.0002,0.25
1493,0.0002,2.75
1494,0.0002,0.0
1495,0.0002,0.0
1496,0.0002,1.2
1497,0.0002,1.1
1498,0.0002,0.0
1499,0.0002,1.2
1500,0.0002,0.0
1501,0.0002,3.5
1502,0.0002,0.5
1503,0.0002,0.5
1504,0.0002,0.5
1505,0.0002,1.333333
1506,0.0002,0.75
1507,0.0002,0.5
1508,0.0002,1.0
1509,0.0002,0.0
1510,0.0002,2.35
1511,0.0002,0.5
1512,0.0002,0.5
1513,0.0002,0.0
1514,0.0002,1.0
1515,0.0002,0.0
1516,0.0002,1.333333
1517,0.0002,0.0
1518,0.0002,2.48
1519,0.0002,1.0
1520,0.0002,1.0
1521,0.0002,0.666667
1522,0.0002,1.25
1523,0.0002,1.25
1524,0.0002,0.25
1525,0.0002,0.0
1526,0.0002,0.75
1527,0.0002,0.0
1528,0.0002,3.5
1529,0.0002,0.0
1530,0.0002,2.2
1531,0.0002,1.0
1532,0.0002,1.0
1533,0.0002,1.75
1534,0.0002,0.0
1535,0.0002,0.0
1536,0.0002,1.0
1537,0.0002,0.25
1538,0.0002,0.0
1539,0.0002,0.6
1540,0.0002,3.2
1541,0.0002,1.0
1542,0.0002,0.5
1543,0.0002,0.5
1544,0.0002,0.0
1545,0.0002,0.25
1546,0.0002,0.0
1547,0.0002,0.0
1548,0.0002,1.25
1549,0.0002,1.0
1550,0.0002,0.0
1551,0.0002,3.25
1552,0.0002,1.1
1553,0.0002,0.25
1554,0.0002,0.2
1555,0.0002,0.5
1556,0.0002,0.8
1557,0.0002,1.0
1558,0.0002,0.5
1559,0.0002,0.6
1560,0.0002,0.5
1561,0.0002,1.1
1562,0.0002,2.0
1563,0.0002,0.5
1564,0.0002,1.0
1565,0.0002,0.5
1566,0.0002,0.0
1567,0.0002,0.25
1568,0.0002,2.25
1569,0.0002,1.0
1570,0.0002,1.2
1571,0.0002,0.0
1572,0.0002,0.0
1573,0.0002,0.5
1574,0.0002,0.5
1575,0.0002,0.0
1576,0.0002,1.2
1577,0.0002,0.5
1578,0.0002,1.0
1579,0.0002,1.0
1580,0.0002,1.2
1581,0.0002,2.0
1582,0.0002,0.0
1583,0.0002,1.0
1584,0.0002,0.75
1585,0.0002,0.25
1586,0.0002,1.2
1587,0.0002,1.1
1588,0.0002,0.5
1589,0.0002,0.0
1590,0.0002,1.0
1591,0.0002,1.0
1592,0.0002,1.0
1593,0.0002,0.0
1594,0.0002,0.5
1595,0.0002,0.0
1596,0.0002,1.2
1597,0.0002,0.75
1598,0.0002,4.2
1599,0.0002,0.5
1600,0.0002,0.0
1601,0.0002,0.0
1602,0.0002,0.25
1603,0.0002,0.6
1604,0.0002,2.2
1605,0.0002,0.0
1606,0.0002,0.25
1607,0.0002,0.0
1608,0.0002,0.25
1609,0.0002,0.0
1610,0.0002,0.5
1611,0.0002,0.5
1612,0.0002,0.5
1613,0.0002,0.0
1614,0.0002,0.5
1615,0.0002,1.0
1616,0.0002,1.0
1617,0.0002,1.0
1618,0.0002,0.5
1619,0.0002,0.25
1620,0.0002,0.0
1621,0.0002,0.0
1622,0.0002,0.5
1623,0.0002,0.0
1624,0.0002,0.5
1625,0.0002,0.0
1626,0.0002,0.0
1627,0.0002,0.25
1628,0.0002,0.25
1629,0.0002,0.0
1630,0.0002,0.0
1631,0.0002,0.5
1632,0.0002,1.1
1633,0.0002,0.5
1634,0.0002,0.5
1635,0.0002,1.75
1636,0.0002,0.0
1637,0.0002,1.0
1638,0.0002,1.25
1639,0.0002,1.0
1640,0.0002,1.2
1641,0.0002,0.5
1642,0.0002,3.0
1643,0.0002,0.0
1644,0.0002,0.25
1645,0.0002,1.0
1646,0.0002,0.0
1647,0.0002,1.0
1648,0.0002,0.5
1649,0.0002,1.0
1650,0.0002,0.0
1651,0.0002,0.0
1652,0.0002,1.0
1653,0.0002,1.2
1654,0.0002,1.0
1655,0.0002,1.1
1656,0.0002,0.4
1657,0.0002,0.5
1658,0.0002,1.1
1659,0.0002,0.25
1660,0.0002,1.2
1661,0.0002,0.4
1662,0.0002,1.0
1663,0.0002,3.2
1664,0.0002,2.28
1665,0.0002,0.5
1666,0.0002,0.0
1667,0.0002,0.0
1668,0.0002,1.0
1669,0.0002,0.25
1670,0.0002,0.0
1671,0.0002,1.85
1672,0.0002,0.0
1673,0.0002,0.0
1674,0.0002,1.75
1675,0.0002,1.0
1676,0.0002,1.0
1677,0.0002,0.5
1678,0.0002,0.0
1679,0.0002,1.0
1680,0.0002,1.0
1681,0.0002,3.5
1682,0.0002,1.0
1683,0.0002,0.25
1684,0.0002,0.0
1685,0.0002,1.5
1686,0.0002,0.0
1687,0.0002,0.0
1688,0.0002,0.0
1689,0.0002,0.0
1690,0.0002,1.1
1691,0.0002,1.25
1692,0.0002,2.25
1693,0.0002,2.1
1694,0.0002,1.0
1695,0.0002,0.48
1696,0.0002,1.0
1697,0.0002,0.25
1698,0.0002,1.25
1699,0.0002,0.25
1700,0.0002,0.0
1701,0.0002,1.0
1702,0.0002,0.5
1703,0.0002,1.0
1704,0.0002,1.75
1705,0.0002,0.75
1706,0.0002,0.4
1707,0.0002,1.2
1708,0.0002,0.25
1709,0.0002,0.5
1710,0.0002,0.5
1711,0.0002,1.2
1712,0.0002,1.75
1713,0.0002,3.2
1714,0.0002,0.0
1715,0.0002,1.2
1716,0.0002,1.2
1717,0.0002,1.85
1718,0.0002,1.0
1719,0.0002,1.85
1720,0.0002,0.0
1721,0.0002,0.5
1722,0.0002,1.5
1723,0.0002,3.2
1724,0.0002,2.25
1725,0.0002,0.25
1726,0.0002,3.6
1727,0.0002,0.25
1728,0.0002,0.0
1729,0.0002,0.5
1730,0.0002,0.48
1731,0.0002,1.0
1732,0.0002,0.0
1733,0.0002,1.5
1734,0.0002,1.0
1735,0.0002,2.2
1736,0.0002,0.6
1737,0.0002,2.25
1738,0.0002,0.0
1739,0.0002,0.0
1740,0.0002,1.1
1741,0.0002,0.5
1742,0.0002,2.0
1743,0.0002,0.0
1744,0.0002,0.4
1745,0.0002,1.75
1746,0.0002,1.28
1747,0.0002,1.0
1748,0.0002,0.0
1749,0.0002,0.0
1750,0.0002,3.35
1751,0.0002,1.0
1752,0.0002,0.0
1753,0.0002,1.2
1754,0.0002,1.25
1755,0.0002,1.1
1756,0.0002,2.25
1757,0.0002,0.5
1758,0.0002,0.75
1759,0.0002,0.8
1760,0.0002,1.75
1761,0.0002,0.5
1762,0.0002,0.0
1763,0.0002,1.1
1764,0.0002,1.28
1765,0.0002,0.0
1766,0.0002,0.25
1767,0.0002,0.0
1768,0.0002,0.0
1769,0.0002,1.0
1770,0.0002,0.0
1771,0.0002,0.75
1772,0.0002,2.4
1773,0.0002,0.5
1774,0.0002,0.5
1775,0.0002,0.5
1776,0.0002,0.6
1777,0.0002,0.0
1778,0.0002,0.8
1779,0.0002,1.0
1780,0.0002,1.1
1781,0.0002,1.0
1782,0.0002,2.5
1783,0.0002,0.75
1784,0.0002,0.0
1785,0.0002,0.5
1786,0.0002,1.0
1787,0.0002,1.2
1788,0.0002,1.0
1789,0.0002,0.0
1790,0.0002,0.5
1791,0.0002,0.75
1792,0.0002,0.0
1793,0.0002,0.0
1794,0.0002,0.75
1795,0.0002,0.5
1796,0.0002,1.2
1797,0.0002,0.8
1798,0.0002,0.75
1799,0.0002,0.0
1800,0.0002,0.25
1801,0.0002,0.5
1802,0.0002,0.0
1803,0.0002,0.0
1804,0.0002,0.5
1805,0.0002,0.0
1806,0.0002,0.5
1807,0.0002,0.0
1808,0.0002,1.0
1809,0.0002,0.8
1810,0.0002,0.0
1811,0.0002,0.25
1812,0.0002,1.0
1813,0.0002,3.5
1814,0.0002,0.0
1815,0.0002,1.0
1816,0.0002,1.0
1817,0.0002,0.75
1818,0.0002,1.0
1819,0.0002,0.5
1820,0.0002,0.25
1821,0.0002,0.6
1822,0.0002,0.0
1823,0.0002,1.5
1824,0.0002,0.0
1825,0.0002,2.2
1826,0.0002,1.2
1827,0.0002,1.0
1828,0.0002,3.5
1829,0.0002,0.25
1830,0.0002,1.0
1831,0.0002,1.25
1832,0.0002,0.6
1833,0.0002,0.0
1834,0.0002,0.75
1835,0.0002,0.25
1836,0.0002,3.6
1837,0.0002,0.25
1838,0.0002,1.1
1839,0.0002,3.25
1840,0.0002,2.75
1841,0.0002,0.0
1842,0.0002,0.0
1843,0.0002,1.0
1844,0.0002,0.0
1845,0.0002,1.2
1846,0.0002,0.25
1847,0.0002,0.0
1848,0.0002,0.0
1849,0.0002,1.0
1850,0.0002,0.8
1851,0.0002,0.25
1852,0.0002,0.5
1853,0.0002,0.75
1854,0.0002,0.5
1855,0.0002,0.0
1856,0.0002,0.5
1857,0.0002,0.25
1858,0.0002,0.8
1859,0.0002,1.0
1860,0.0002,0.5
1861,0.0002,1.1
1862,0.0002,1.5
1863,0.0002,0.0
1864,0.0002,0.0
1865,0.0002,1.1
1866,0.0002,2.5
1867,0.0002,1.5
1868,0.0002,0.0
1869,0.0002,2.25
1870,0.0002,0.0
1871,0.0002,1.2
1872,0.0002,0.6
1873,0.0002,1.25
1874,0.0002,1.5
1875,0.0002,1.4
1876,0.0002,0.0
1877,0.0002,1.0
1878,0.0002,0.75
1879,0.0002,2.0
1880,0.0002,0.5
1881,0.0002,0.4
1882,0.0002,1.2
1883,0.0002,2.25
1884,0.0002,0.0
1885,0.0002,1.0
1886,0.0002,1.4
1887,0.0002,0.0
1888,0.0002,0.0
1889,0.0002,0.0
1890,0.0002,0.25
1891,0.0002,2.5
1892,0.0002,0.0
1893,0.0002,0.5
1894,0.0002,1.0
1895,0.0002,0.0
1896,0.0002,0.0
1897,0.0002,1.25
1898,0.0002,0.75
1899,0.0002,1.0
1900,0.0002,2.25
1901,0.0002,1.1
1902,0.0002,1.2
1903,0.0002,2.5
1904,0.0002,0.0
1905,0.0002,1.0
1906,0.0002,1.5
1907,0.0002,1.0
1908,0.0002,1.2
1909,0.0002,2.4
1910,0.0002,0.75
1911,0.0002,0.25
1912,0.0002,0.25
1913,0.0002,0.25
1914,0.0002,1.2
1915,0.0002,0.5
1916,0.0002,1.0
1917,0.0002,0.0
1918,0.0002,1.0
1919,0.0002,1.2
1920,0.0002,0.5
1921,0.0002,0.75
1922,0.0002,0.5
1923,0.0002,3.2
1924,0.0002,1.0
1925,0.0002,0.6
1926,0.0002,0.0
1927,0.0002,0.5
1928,0.0002,0.0
1929,0.0002,0.5
1930,0.0002,0.0
1931,0.0002,1.0
1932,0.0002,1.0
1933,0.0002,0.25
1934,0.0002,1.1
1935,0.0002,0.0
1936,0.0002,0.2
1937,0.0002,0.6
1938,0.0002,0.5
1939,0.0002,2.25
1940,0.0002,1.1
1941,0.0002,1.25
1942,0.0002,0.0
1943,0.0002,1.8
1944,0.0002,1.0
1945,0.0002,0.0
1946,0.0002,1.2
1947,0.0002,0.4
1948,0.0002,1.1
1949,0.0002,1.8
1950,0.0002,2.25
1951,0.0002,0.0
1952,0.0002,1.0
1953,0.0002,1.0
1954,0.0002,3.1
1955,0.0002,0.5
1956,0.0002,0.25
1957,0.0002,1.2
1958,0.0002,1.0
1959,0.0002,1.2
1960,0.0002,1.0
1961,0.0002,1.0
1962,0.0002,2.25
1963,0.0002,0.6
1964,0.0002,0.85
1965,0.0002,1.1
1966,0.0002,1.25
1967,0.0002,3.25
1968,0.0002,1.0
1969,0.0002,1.0
1970,0.0002,1.75
1971,0.0002,1.0
1972,0.0002,0.85
1973,0.0002,0.4
1974,0.0002,1.0
1975,0.0002,1.0
1976,0.0002,0.0
1977,0.0002,0.8
1978,0.0002,10.5
1979,0.0002,1.0
1980,0.0002,0.0
1981,0.0002,0.0
1982,0.0002,1.1
1983,0.0002,4.75
1984,0.0002,10.0
1985,0.0002,1.0
1986,0.0002,2.0
1987,0.0002,0.25
1988,0.0002,1.0
1989,0.0002,1.1
1990,0.0002,0.0
1991,0.0002,0.5
1992,0.0002,1.1
1993,0.0002,0.5
1994,0.0002,0.25
1995,0.0002,0.0
1996,0.0002,0.0
1997,0.0002,1.75
1998,0.0002,1.25
1999,0.0002,0.5
2000,0.0002,0.0
2001,0.0002,0.5
2002,0.0002,0.0
2003,0.0002,0.4
2004,0.0002,1.0
2005,0.0002,0.5
2006,0.0002,1.0
2007,0.0002,1.1
2008,0.0002,0.0
2009,0.0002,0.0
2010,0.0002,1.0
2011,0.0002,3.35
2012,0.0002,0.6
2013,0.0002,0.0
2014,0.0002,0.0
2015,0.0002,1.0
2016,0.0002,0.0
2017,0.0002,1.1
2018,0.0002,2.25
2019,0.0002,0.5
2020,0.0002,1.25
2021,0.0002,8.0
2022,0.0002,1.2
2023,0.0002,1.1
2024,0.0002,0.0
2025,0.0002,0.0
2026,0.0002,1.0
2027,0.0002,0.75
2028,0.0002,0.0
2029,0.0002,2.166667
2030,0.0002,0.0
2031,0.0002,1.0
2032,0.0002,2.25
2033,0.0002,3.6
2034,0.0002,0.0
2035,0.0002,0.5
2036,0.0002,0.25
2037,0.0002,1.0
2038,0.0002,2.75
2039,0.0002,0.5
2040,0.0002,1.0
2041,0.0002,1.2
2042,0.0002,0.6
2043,0.0002,0.25
2044,0.0002,1.0
2045,0.0002,2.2
2046,0.0002,0.0
2047,0.0002,0.0
2048,0.0002,1.1
2049,0.0002,1.0
2050,0.0002,1.1
2051,0.0002,1.2
2052,0.0002,0.5
2053,0.0002,1.2
2054,0.0002,1.0
2055,0.0002,0.25
2056,0.0002,0.5
2057,0.0002,0.6
2058,0.0002,0.0
2059,0.0002,0.5
2060,0.0002,2.25
2061,0.0002,1.0
2062,0.0002,0.0
2063,0.0002,0.4
2064,0.0002,0.25
2065,0.0002,3.5
2066,0.0002,0.0
2067,0.0002,0.6
2068,0.0002,2.0
2069,0.0002,0.0
2070,0.0002,0.8
2071,0.0002,0.0
2072,0.0002,10.5
2073,0.0002,1.0
2074,0.0002,1.0
2075,0.0002,1.0
2076,0.0002,0.6
2077,0.0002,0.0
2078,0.0002,0.85
2079,0.0002,0.75
2080,0.0002,3.5
2081,0.0002,0.0
2082,0.0002,1.0
2083,0.0002,0.0
2084,0.0002,1.0
2085,0.0002,0.0
2086,0.0002,4.75
2087,0.0002,1.0
2088,0.0002,1.0
2089,0.0002,3.5
2090,0.0002,0.0
2091,0.0002,1.1
2092,0.0002,0.0
2093,0.0002,0.5
2094,0.0002,1.0
2095,0.0002,0.5
2096,0.0002,0.2
2097,0.0002,0.0
2098,0.0002,0.25
2099,0.0002,0.25
2100,0.0002,0.0
2101,0.0002,0.5
2102,0.0002,1.2
2103,0.0002,0.0
2104,0.0002,1.85
2105,0.0002,1.0
2106,0.0002,2.2
2107,0.0002,1.1
2108,0.0002,0.0
2109,0.0002,0.0
2110,0.0002,1.25
2111,0.0002,0.0
2112,0.0002,1.0
2113,0.0002,1.2
2114,0.0002,0.0
2115,0.0002,3.5
2116,0.0002,0.5
2117,0.0002,0.0
2118,0.0002,1.0
2119,0.0002,1.0
2120,0.0002,1.75
2121,0.0002,0.5
2122,0.0002,1.2
2123,0.0002,2.25
2124,0.0002,0.0
2125,0.0002,0.48
2126,0.0002,0.0
2127,0.0002,1.333333
2128,0.0002,1.0
2129,0.0002,3.0
2130,0.0002,0.75
2131,0.0002,1.25
2132,0.0002,0.5
2133,0.0002,0.0
2134,0.0002,1.0
2135,0.0002,0.25
2136,0.0002,1.0
2137,0.0002,0.6
2138,0.0002,0.6
2139,0.0002,1.0
2140,0.0002,0.0
2141,0.0002,1.0
2142,0.0002,0.5
2143,0.0002,1.25
2144,0.0002,1.0
2145,0.0002,0.6
2146,0.0002,1.0
2147,0.0002,0.5
2148,0.0002,0.0
2149,0.0002,0.25
2150,0.0002,3.0
2151,0.0002,2.2
2152,0.0002,1.0
2153,0.0002,2.2
2154,0.0002,1.0
2155,0.0002,0.0
2156,0.0002,0.0
2157,0.0002,0.25
2158,0.0002,0.0
2159,0.0002,1.0
2160,0.0002,0.25
2161,0.0002,0.25
2162,0.0002,1.1
2163,0.0002,0.0
2164,0.0002,0.5
2165,0.0002,1.0
2166,0.0002,0.0
2167,0.0002,0.0
2168,0.0002,2.75
2169,0.0002,1.0
2170,0.0002,0.0
2171,0.0002,0.75
2172,0.0002,0.5
2173,0.0002,3.2
2174,0.0002,1.2
2175,0.0002,0.6
2176,0.0002,0.0
2177,0.0002,0.0
2178,0.0002,0.0
2179,0.0002,0.5
2180,0.0002,0.25
2181,0.0002,0.5
2182,0.0002,2.5
2183,0.0002,3.5
2184,0.0002,0.75
2185,0.0002,0.0
2186,0.0002,0.0
2187,0.0002,1.0
2188,0.0002,2.5
2189,0.0002,0.0
2190,0.0002,2.2
2191,0.0002,0.5
2192,0.0002,0.75
2193,0.0002,0.0
2194,0.0002,1.0
2195,0.0002,0.5
2196,0.0002,1.0
2197,0.0002,0.5
2198,0.0002,1.25
2199,0.0002,0.4
2200,0.0002,0.0
2201,0.0002,0.5
2202,0.0002,0.5
2203,0.0002,0.0
2204,0.0002,0.0
2205,0.0002,1.0
2206,0.0002,0.0
2207,0.0002,1.0
2208,0.0002,0.5
2209,0.0002,0.5
2210,0.0002,0.75
2211,0.0002,0.0
2212,0.0002,0.5
2213,0.0002,0.0
2214,0.0002,0.0
2215,0.0002,0.0
2216,0.0002,0.0
2217,0.0002,0.5
2218,0.0002,0.0
2219,0.0002,1.75
2220,0.0002,1.1
2221,0.0002,0.75
2222,0.0002,0.5
2223,0.0002,1.25
2224,0.0002,1.85
2225,0.0002,1.0
2226,0.0002,2.1
2227,0.0002,1.2
2228,0.0002,0.5
2229,0.0002,0.5
2230,0.0002,2.8
2231,0.0002,0.4
2232,0.0002,0.5
2233,0.0002,0.0
2234,0.0002,0.0
2235,0.0002,1.0
2236,0.0002,1.6
2237,0.0002,0.0
2238,0.0002,0.0
2239,0.0002,1.5
2240,0.0002,0.6
2241,0.0002,0.0
2242,0.0002,0.0
2243,0.0002,0.0
2244,0.0002,1.0
2245,0.0002,0.5
2246,0.0002,0.0
2247,0.0002,0.0
2248,0.0002,1.2
2249,0.0002,0.0
2250,0.0002,0.0
2251,0.0002,0.25
2252,0.0002,0.5
2253,0.0002,0.8
2254,0.0002,1.2
2255,0.0002,0.0
2256,0.0002,1.2
2257,0.0002,0.0
2258,0.0002,1.0
2259,0.0002,1.0
2260,0.0002,1.0
2261,0.0002,0.5
2262,0.0002,0.0
2263,0.0002,1.0
2264,0.0002,1.1
2265,0.0002,1.0
2266,0.0002,1.2
2267,0.0002,1.2
2268,0.0002,0.5
2269,0.0002,0.25
2270,0.0002,1.0
2271,0.0002,1.0
2272,0.0002,1.0
2273,0.0002,1.0
2274,0.0002,0.0
2275,0.0002,0.0
2276,0.0002,1.2
2277,0.0002,1.2
2278,0.0002,1.2
2279,0.0002,0.4
2280,0.0002,0.0
2281,0.0002,1.1
2282,0.0002,0.8
2283,0.0002,1.75
2284,0.0002,0.8
2285,0.0002,0.0
2286,0.0002,0.25
2287,0.0002,0.0
2288,0.0002,1.5
2289,0.0002,2.25
2290,0.0002,1.2
2291,0.0002,1.28
2292,0.0002,1.2
2293,0.0002,1.5
2294,0.0002,0.0
2295,0.0002,1.0
2296,0.0002,0.0
2297,0.0002,0.25
2298,0.0002,0.5
2299,0.0002,0.5
2300,0.0002,0.8
2301,0.0002,0.48
2302,0.0002,0.0
2303,0.0002,0.0
2304,0.0002,0.5
2305,0.0002,1.0
2306,0.0002,0.0
2307,0.0002,2.5
2308,0.0002,1.0
2309,0.0002,0.0
2310,0.0002,2.0
2311,0.0002,0.0
2312,0.0002,0.5
2313,0.0002,6.4
2314,0.0002,1.25
2315,0.0002,0.6
2316,0.0002,0.75
2317,0.0002,1.0
2318,0.0002,0.0
2319,0.0002,0.5
2320,0.0002,0.25
2321,0.0002,0.5
2322,0.0002,0.6
2323,0.0002,0.0
2324,0.0002,0.5
2325,0.0002,0.5
2326,0.0002,0.25
2327,0.0002,0.0
2328,0.0002,0.0
2329,0.0002,0.0
2330,0.0002,1.0
2331,0.0002,0.0
2332,0.0002,1.0
2333,0.0002,0.5
2334,0.0002,0.833333
2335,0.0002,2.0
2336,0.0002,0.0
2337,0.0002,0.2
2338,0.0002,1.85
2339,0.0002,0.0
2340,0.0002,0.8
2341,0.0002,1.0
2342,0.0002,2.25
2343,0.0002,1.0
2344,0.0002,0.0
2345,0.0002,3.6
2346,0.0002,0.0
2347,0.0002,1.1
2348,0.0002,3.5
2349,0.0002,0.5
2350,0.0002,0.0
2351,0.0002,0.0
2352,0.0002,1.1
2353,0.0002,0.0
2354,0.0002,2.25
2355,0.0002,0.0
2356,0.0002,1.1
2357,0.0002,1.75
2358,0.0002,0.0
2359,0.0002,0.0
2360,0.0002,0.25
2361,0.0002,2.25
2362,0.0002,1.0
2363,0.0002,0.25
2364,0.0002,1.2
2365,0.0002,1.5
2366,0.0002,0.5
2367,0.0002,0.5
2368,0.0002,0.0
2369,0.0002,3.2
2370,0.0002,1.1
2371,0.0002,0.5
2372,0.0002,0.5
2373,0.0002,3.0
2374,0.0002,0.0
2375,0.0002,1.0
2376,0.0002,0.25
2377,0.0002,1.0
2378,0.0002,1.0
2379,0.0002,0.5
2380,0.0002,1.75
2381,0.0002,1.2
2382,0.0002,1.2
2383,0.0002,0.6
2384,0.0002,0.75
2385,0.0002,0.75
2386,0.0002,1.2
2387,0.0002,1.0
2388,0.0002,0.0
2389,0.0002,0.0
2390,0.0002,1.0
2391,0.0002,0.0
2392,0.0002,0.0
2393,0.0002,0.0
2394,0.0002,1.25
2395,0.0002,0.25
2396,0.0002,1.0
2397,0.0002,1.0
2398,0.0002,0.5
2399,0.0002,0.75
2400,0.0002,0.0
2401,0.0002,0.8
2402,0.0002,0.0
2403,0.0002,0.0
2404,0.0002,0.0
2405,0.0002,1.0
2406,0.0002,1.0
2407,0.0002,0.0
2408,0.0002,0.25
2409,0.0002,0.0
2410,0.0002,0.5
2411,0.0002,1.0
2412,0.0002,1.333333
2413,0.0002,0.0
2414,0.0002,1.0
2415,0.0002,1.25
2416,0.0002,0.25
2417,0.0002,0.0
2418,0.0002,1.25
2419,0.0002,0.0
2420,0.0002,3.0
2421,0.0002,0.0
2422,0.0002,2.25
2423,0.0002,1.0
2424,0.0002,0.5
2425,0.0002,0.166667
2426,0.0002,0.0
2427,0.0002,1.0
2428,0.0002,0.0
2429,0.0002,0.0
2430,0.0002,0.0
2431,0.0002,0.0
2432,0.0002,0.0
2433,0.0002,1.0
2434,0.0002,1.0
2435,0.0002,2.75
2436,0.0002,3.2
2437,0.0002,1.0
2438,0.0002,0.0
2439,0.0002,0.5
2440,0.0002,0.0
2441,0.0002,0.0
2442,0.0002,2.75
2443,0.0002,2.75
2444,0.0002,0.0
2445,0.0002,1.28
2446,0.0002,0.6
2447,0.0002,0.5
2448,0.0002,0.75
2449,0.0002,0.25
2450,0.0002,1.2
2451,0.0002,0.0
2452,0.0002,0.5
2453,0.0002,0.25
2454,0.0002,1.0
2455,0.0002,1.0
2456,0.0002,1.0
2457,0.0002,0.0
2458,0.0002,0.0
2459,0.0002,1.25
2460,0.0002,0.0
2461,0.0002,0.5
2462,0.0002,1.1
2463,0.0002,1.25
2464,0.0002,1.5
2465,0.0002,0.25
2466,0.0002,2.25
2467,0.0002,1.1
2468,0.0002,1.4
2469,0.0002,0.0
2470,0.0002,0.0
2471,0.0002,1.0
2472,0.0002,1.2
2473,0.0002,0.6
2474,0.0002,2.5
2475,0.0002,1.25
2476,0.0002,1.25
2477,0.0002,1.0
2478,0.0002,0.6
2479,0.0002,1.75
2480,0.0002,0.0
2481,0.0002,2.5
2482,0.0002,2.1
2483,0.0002,3.0
2484,0.0002,0.0
2485,0.0002,1.2
2486,0.0002,0.25
2487,0.0002,0.5
2488,0.0002,0.0
2489,0.0002,1.0
2490,0.0002,0.25
2491,0.0002,0.5
2492,0.0002,0.5
2493,0.0002,0.5
2494,0.0002,1.0
2495,0.0002,1.0
2496,0.0002,0.0
2497,0.0002,0.0
2498,0.0002,0.25
2499,0.0002,0.5
2500,0.0002,1.85
2501,0.0002,2.2
2502,0.0002,1.2
2503,0.0002,0.0
2504,0.0002,0.0
2505,0.0002,3.1
2506,0.0002,0.0
2507,0.0002,0.6
2508,0.0002,0.0
2509,0.0002,0.25
2510,0.0002,0.0
2511,0.0002,0.0
2512,0.0002,1.0
2513,0.0002,1.28
2514,0.0002,0.0
2515,0.0002,1.0
2516,0.0002,1.75
2517,0.0002,1.75
2518,0.0002,1.5
2519,0.0002,1.1
2520,0.0002,0.0
2521,0.0002,1.75
2522,0.0002,0.0
2523,0.0002,1.0
2524,0.0002,0.5
2525,0.0002,1.2
2526,0.0002,0.4
2527,0.0002,0.0
2528,0.0002,1.75
2529,0.0002,0.5
2530,0.0002,0.0
2531,0.0002,3.5
2532,0.0002,0.0
2533,0.0002,0.0
2534,0.0002,1.0
2535,0.0002,0.0
2536,0.0002,1.0
2537,0.0002,0.5
2538,0.0002,0.4
2539,0.0002,1.2
2540,0.0002,1.2
2541,0.0002,0.25
2542,0.0002,1.25
2543,0.0002,2.5
2544,0.0002,0.0
2545,0.0002,3.2
2546,0.0002,0.5
2547,0.0002,0.75
2548,0.0002,2.75
2549,0.0002,0.5
2550,0.0002,0.25
2551,0.0002,0.2
2552,0.0002,0.0
2553,0.0002,1.75
2554,0.0002,0.6
2555,0.0002,0.5
2556,0.0002,0.0
2557,0.0002,1.2
2558,0.0002,0.0
2559,0.0002,0.5
2560,0.0002,0.25
2561,0.0002,0.5
2562,0.0002,1.2
2563,0.0002,0.0
2564,0.0002,0.6
2565,0.0002,0.25
2566,0.0002,0.75
2567,0.0002,0.5
2568,0.0002,0.0
2569,0.0002,1.0
2570,0.0002,0.6
2571,0.0002,1.1
2572,0.0002,0.0
2573,0.0002,0.6
2574,0.0002,1.2
2575,0.0002,0.6
2576,0.0002,1.0
2577,0.0002,0.0
2578,0.0002,0.0
2579,0.0002,0.5
2580,0.0002,1.1
2581,0.0002,1.2
2582,0.0002,1.2
2583,0.0002,0.5
2584,0.0002,0.5
2585,0.0002,1.2
2586,0.0002,3.5
2587,0.0002,2.25
2588,0.0002,1.5
2589,0.0002,0.0
2590,0.0002,1.25
2591,0.0002,0.0
2592,0.0002,3.1
2593,0.0002,1.0
2594,0.0002,0.0
2595,0.0002,1.0
2596,0.0002,0.0
2597,0.0002,0.25
2598,0.0002,1.2
2599,0.0002,0.0
2600,0.0002,0.5
2601,0.0002,1.0
2602,0.0002,1.0
2603,0.0002,1.0
2604,0.0002,1.0
2605,0.0002,0.5
2606,0.0002,0.0
2607,0.0002,1.0
2608,0.0002,1.2
2609,0.0002,0.5
2610,0.0002,0.0
2611,0.0002,2.0
2612,0.0002,0.0
2613,0.0002,3.35
2614,0.0002,0.5
2615,0.0002,2.25
2616,0.0002,0.0
2617,0.0002,10.0
2618,0.0002,1.0
2619,0.0002,1.75
2620,0.0002,0.0
2621,0.0002,1.5
2622,0.0002,2.75
2623,0.0002,0.8
2624,0.0002,3.2
2625,0.0002,1.0
2626,0.0002,0.0
2627,0.0002,1.0
2628,0.0002,0.25
2629,0.0002,0.75
2630,0.0002,0.25
2631,0.0002,0.5
2632,0.0002,1.0
2633,0.0002,1.0
2634,0.0002,0.5
2635,0.0002,1.25
2636,0.0002,0.0
2637,0.0002,0.5
2638,0.0002,1.25
2639,0.0002,0.0
2640,0.0002,1.333333
2641,0.0002,1.0
2642,0.0002,0.5
2643,0.0002,1.1
2644,0.0002,1.0
2645,0.0002,1.0
2646,0.0002,0.0
2647,0.0002,1.25
2648,0.0002,1.0
2649,0.0002,0.0
2650,0.0002,0.5
2651,0.0002,1.0
2652,0.0002,0.0
2653,0.0002,0.5
2654,0.0002,1.0
2655,0.0002,0.0
2656,0.0002,1.0
2657,0.0002,0.5
2658,0.0002,0.0
2659,0.0002,1.5
2660,0.0002,0.75
2661,0.0002,0.6
2662,0.0002,0.0
2663,0.0002,0.25
2664,0.0002,1.0
2665,0.0002,3.75
2666,0.0002,0.0
2667,0.0002,1.0
2668,0.0002,1.0
2669,0.0002,0.48
2670,0.0002,1.1
2671,0.0002,1.1
2672,0.0002,0.0
2673,0.0002,1.0
2674,0.0002,1.0
2675,0.0002,1.2
2676,0.0002,2.8
2677,0.0002,0.0
2678,0.0002,0.0
2679,0.0002,0.8
2680,0.0002,1.0
2681,0.0002,0.5
2682,0.0002,1.0
2683,0.0002,0.0
2684,0.0002,0.4
2685,0.0002,1.75
2686,0.0002,3.0
2687,0.0002,1.25
2688,0.0002,1.25
2689,0.0002,0.0
2690,0.0002,1.0
2691,0.0002,10.75
2692,0.0002,0.5
2693,0.0002,1.0
2694,0.0002,1.1
2695,0.0002,0.5
2696,0.0002,0.0
2697,0.0002,1.0
2698,0.0002,1.333333
2699,0.0002,0.0
2700,0.0002,1.0
2701,0.0002,0.25
2702,0.0002,0.25
2703,0.0002,1.833333
2704,0.0002,0.0
2705,0.0002,0.0
2706,0.0002,0.6
2707,0.0002,0.0
2708,0.0002,0.0
2709,0.0002,0.5
2710,0.0002,1.2
2711,0.0002,3.25
2712,0.0002,1.75
2713,0.0002,0.0
2714,0.0002,0.6
2715,0.0002,0.6
2716,0.0002,0.5
2717,0.0002,0.85
2718,0.0002,1.5
2719,0.0002,0.0
2720,0.0002,0.6
2721,0.0002,1.0
2722,0.0002,3.0
2723,0.0002,1.0
2724,0.0002,0.5
2725,0.0002,0.5
2726,0.0002,0.5
2727,0.0002,0.0
2728,0.0002,1.2
2729,0.0002,0.0
2730,0.0002,1.0
2731,0.0002,1.0
2732,0.0002,1.2
2733,0.0002,0.5
2734,0.0002,0.5
2735,0.0002,0.25
2736,0.0002,2.25
2737,0.0002,0.2
2738,0.0002,0.0
2739,0.0002,1.0
2740,0.0002,0.0
2741,0.0002,0.6
2742,0.0002,0.5
2743,0.0002,0.0
2744,0.0002,1.333333
2745,0.0002,0.75
2746,0.0002,8.0
2747,0.0002,2.25
2748,0.0002,0.5
2749,0.0002,0.8
2750,0.0002,1.25
2751,0.0002,2.4
2752,0.0002,3.0
2753,0.0002,0.6
2754,0.0002,3.25
2755,0.0002,1.0
2756,0.0002,0.0
2757,0.0002,0.0
2758,0.0002,1.2
2759,0.0002,0.5
2760,0.0002,2.35
2761,0.0002,0.0
2762,0.0002,1.0
2763,0.0002,0.25
2764,0.0002,0.5
2765,0.0002,0.5
2766,0.0002,0.8
2767,0.0002,1.0
2768,0.0002,1.2
2769,0.0002,2.75
2770,0.0002,2.5
2771,0.0002,0.5
2772,0.0002,1.0
2773,0.0002,2.25
2774,0.0002,1.0
2775,0.0002,1.1
2776,0.0002,0.8
2777,0.0002,0.5
2778,0.0002,0.4
2779,0.0002,1.0
2780,0.0002,1.2
2781,0.0002,0.0
2782,0.0002,3.0
2783,0.0002,2.0
2784,0.0002,1.1
2785,0.0002,0.8
2786,0.0002,0.0
2787,0.0002,1.0
2788,0.0002,0.2
2789,0.0002,0.0
2790,0.0002,2.2
2791,0.0002,0.0
2792,0.0002,0.8
2793,0.0002,0.0
2794,0.0002,0.0
2795,0.0002,0.0
2796,0.0002,0.75
2797,0.0002,1.1
2798,0.0002,0.5
2799,0.0002,1.2
2800,0.0002,1.0
2801,0.0002,3.5
2802,0.0002,1.2
2803,0.0002,1.5
2804,0.0002,1.0
2805,0.0002,0.5
2806,0.0002,0.4
2807,0.0002,0.0
2808,0.0002,0.0
2809,0.0002,0.0
2810,0.0002,1.8
2811,0.0002,1.0
2812,0.0002,0.25
2813,0.0002,1.0
2814,0.0002,0.5
2815,0.0002,1.0
2816,0.0002,0.75
2817,0.0002,0.25
2818,0.0002,0.6
2819,0.0002,4.75
2820,0.0002,0.6
2821,0.0002,0.5
2822,0.0002,0.25
2823,0.0002,1.0
2824,0.0002,1.25
2825,0.0002,1.0
2826,0.0002,0.0
2827,0.0002,0.25
2828,0.0002,0.0
2829,0.0002,0.8
2830,0.0002,0.4
2831,0.0002,0.25
2832,0.0002,0.25
2833,0.0002,0.25
2834,0.0002,0.0
2835,0.0002,0.6
2836,0.0002,1.0
2837,0.0002,0.5
2838,0.0002,1.2
2839,0.0002,0.8
2840,0.0002,0.25
2841,0.0002,1.0
2842,0.0002,0.0
2843,0.0002,1.0
2844,0.0002,0.5
2845,0.0002,0.0
2846,0.0002,0.25
2847,0.0002,1.0
2848,0.0002,0.0
2849,0.0002,1.1
2850,0.0002,1.2
2851,0.0002,0.0
2852,0.0002,0.0
2853,0.0002,0.25
2854,0.0002,0.5
2855,0.0002,1.0
2856,0.0002,0.75
2857,0.0002,0.25
2858,0.0002,2.25
2859,0.0002,1.0
2860,0.0002,1.1
2861,0.0002,1.1
2862,0.0002,0.0
2863,0.0002,0.5
2864,0.0002,0.0
2865,0.0002,3.0
2866,0.0002,0.25
2867,0.0002,1.0
2868,0.0002,0.0
2869,0.0002,0.0
2870,0.0002,3.1
2871,0.0002,6.0
2872,0.0002,0.0
2873,0.0002,1.2
2874,0.0002,10.5
2875,0.0002,1.2
2876,0.0002,2.25
2877,0.0002,0.8
2878,0.0002,0.5
2879,0.0002,0.0
2880,0.0002,0.5
2881,0.0002,1.1
2882,0.0002,0.0
2883,0.0002,0.6
2884,0.0002,0.25
2885,0.0002,0.25
2886,0.0002,2.5
2887,0.0002,0.0
2888,0.0002,1.0
2889,0.0002,0.8
2890,0.0002,1.2
2891,0.0002,0.5
2892,0.0002,1.0
2893,0.0002,1.0
2894,0.0002,0.0
2895,0.0002,0.2
2896,0.0002,0.0
2897,0.0002,1.25
2898,0.0002,1.0
2899,0.0002,0.0
2900,0.0002,0.2
2901,0.0002,0.0
2902,0.0002,1.0
2903,0.0002,0.5
2904,0.0002,1.0
2905,0.0002,0.5
2906,0.0002,0.0
2907,0.0002,1.1
2908,0.0002,0.5
2909,0.0002,1.0
2910,0.0002,1.2
2911,0.0002,1.5
2912,0.0002,1.0
2913,0.0002,1.0
2914,0.0002,0.5
2915,0.0002,1.0
2916,0.0002,0.75
2917,0.0002,1.75
2918,0.0002,0.75
2919,0.0002,0.5
2920,0.0002,2.2
2921,0.0002,4.0
2922,0.0002,0.0
2923,0.0002,2.25
2924,0.0002,0.6
2925,0.0002,2.25
2926,0.0002,0.8
2927,0.0002,0.0
2928,0.0002,0.0
2929,0.0002,1.1
2930,0.0002,0.0
2931,0.0002,1.0
2932,0.0002,0.25
2933,0.0002,0.25
2934,0.0002,0.75
2935,0.0002,0.5
2936,0.0002,1.2
2937,0.0002,1.0
2938,0.0002,0.0
2939,0.0002,0.0
2940,0.0002,0.0
2941,0.0002,1.2
2942,0.0002,1.1
2943,0.0002,0.0
2944,0.0002,1.0
2945,0.0002,0.25
2946,0.0002,0.5
2947,0.0002,0.25
2948,0.0002,0.5
2949,0.0002,0.75
2950,0.0002,1.333333
2951,0.0002,0.0
2952,0.0002,0.5
2953,0.0002,0.25
2954,0.0002,1.0
2955,0.0002,2.2
2956,0.0002,0.0
2957,0.0002,0.2
2958,0.0002,0.0
2959,0.0002,1.2
2960,0.0002,1.0
2961,0.0002,0.0
2962,0.0002,1.2
2963,0.0002,1.0
2964,0.0002,1.2
2965,0.0002,1.0
2966,0.0002,0.0
2967,0.0002,1.333333
2968,0.0002,1.166667
2969,0.0002,2.0
2970,0.0002,1.0
2971,0.0002,1.0
2972,0.0002,1.0
2973,0.0002,0.5
2974,0.0002,3.5
2975,0.0002,0.6
2976,0.0002,1.75
2977,0.0002,0.0
2978,0.0002,0.2
2979,0.0002,0.0
2980,0.0002,0.0
2981,0.0002,0.0
2982,0.0002,1.0
2983,0.0002,0.0
2984,0.0002,0.75
2985,0.0002,0.0
2986,0.0002,1.1
2987,0.0002,1.0
2988,0.0002,3.2
2989,0.0002,0.2
2990,0.0002,1.2
2991,0.0002,0.8
2992,0.0002,0.75
2993,0.0002,0.0
2994,0.0002,1.2
2995,0.0002,0.0
2996,0.0002,3.2
2997,0.0002,1.0
2998,0.0002,0.25
2999,0.0002,0.2
3000,0.0002,1.0
3001,0.0002,0.5
3002,0.0002,1.25
3003,0.0002,1.25
3004,0.0002,0.0
3005,0.0002,0.0
3006,0.0002,0.5
3007,0.0002,0.0
3008,0.0002,0.0
3009,0.0002,0.2
3010,0.0002,2.25
3011,0.0002,1.25
3012,0.0002,0.0
3013,0.0002,2.25
3014,0.0002,3.6
3015,0.0002,0.0
3016,0.0002,2.8
3017,0.0002,0.5
3018,0.0002,1.0
3019,0.0002,0.5
3020,0.0002,0.5
3021,0.0002,1.2
3022,0.0002,1.25
3023,0.0002,1.5
3024,0.0002,0.0
3025,0.0002,0.0
3026,0.0002,0.0
3027,0.0002,0.0
3028,0.0002,0.0
3029,0.0002,0.5
3030,0.0002,0.0
3031,0.0002,2.0
3032,0.0002,0.0
3033,0.0002,2.75
3034,0.0002,0.0
3035,0.0002,0.25
3036,0.0002,1.2
3037,0.0002,0.75
3038,0.0002,0.0
3039,0.0002,0.0
3040,0.0002,8.5
3041,0.0002,3.75
3042,0.0002,1.75
3043,0.0002,0.8
3044,0.0002,2.25
3045,0.0002,0.0
3046,0.0002,1.0
3047,0.0002,0.0
3048,0.0002,2.75
3049,0.0002,0.5
3050,0.0002,0.5
3051,0.0002,1.0
3052,0.0002,0.75
3053,0.0002,0.0
3054,0.0002,0.0
3055,0.0002,0.0
3056,0.0002,1.0
3057,0.0002,1.75
3058,0.0002,0.0
3059,0.0002,0.75
3060,0.0002,0.25
3061,0.0002,1.2
3062,0.0002,1.0
3063,0.0002,3.5
3064,0.0002,1.5
3065,0.0002,0.0
3066,0.0002,0.5
3067,0.0002,0.75
3068,0.0002,0.6
3069,0.0002,0.5
3070,0.0002,3.0
3071,0.0002,0.25
3072,0.0002,1.25
3073,0.0002,1.0
3074,0.0002,0.2
3075,0.0002,0.0
3076,0.0002,1.0
3077,0.0002,0.5
3078,0.0002,0.666667
3079,0.0002,0.0
3080,0.0002,0.0
3081,0.0002,1.75
3082,0.0002,0.0
3083,0.0002,0.5
3084,0.0002,0.25
3085,0.0002,0.5
3086,0.0002,0.0
3087,0.0002,1.75
3088,0.0002,3.2
3089,0.0002,1.0
3090,0.0002,1.0
3091,0.0002,0.8
3092,0.0002,0.0
3093,0.0002,0.0
3094,0.0002,0.0
3095,0.0002,0.0
3096,0.0002,0.5
3097,0.0002,0.0
3098,0.0002,0.0
3099,0.0002,1.0
3100,0.0002,1.28
3101,0.0002,0.0
3102,0.0002,0.0
3103,0.0002,0.0
3104,0.0002,1.0
3105,0.0002,0.8
3106,0.0002,1.25
3107,0.0002,3.0
3108,0.0002,1.0
3109,0.0002,0.25
3110,0.0002,3.25
3111,0.0002,1.0
3112,0.0002,0.0
3113,0.0002,0.5
3114,0.0002,1.0
3115,0.0002,0.0
3116,0.0002,1.0
3117,0.0002,0.5
3118,0.0002,1.4
3119,0.0002,1.2
3120,0.0002,1.85
3121,0.0002,0.25
3122,0.0002,0.5
3123,0.0002,0.5
3124,0.0002,0.5
3125,0.0002,0.75
3126,0.0002,0.0
3127,0.0002,0.6
3128,0.0002,3.1
3129,0.0002,2.2
3130,0.0002,3.0
3131,0.0002,0.48
3132,0.0002,1.0
3133,0.0002,0.5
3134,0.0002,3.0
3135,0.0002,0.0
3136,0.0002,0.6
3137,0.0002,1.0
3138,0.0002,1.1
3139,0.0002,0.6
3140,0.0002,3.5
3141,0.0002,1.2
3142,0.0002,0.5
3143,0.0002,1.1
3144,0.0002,1.0
3145,0.0002,0.5
3146,0.0002,0.4
3147,0.0002,0.25
3148,0.0002,0.5
3149,0.0002,1.0
3150,0.0002,1.25
3151,0.0002,0.0
3152,0.0002,1.2
3153,0.0002,0.48
3154,0.0002,0.25
3155,0.0002,3.5
3156,0.0002,1.75
3157,0.0002,1.0
3158,0.0002,0.5
3159,0.0002,1.0
3160,0.0002,3.1
3161,0.0002,0.6
3162,0.0002,0.0
3163,0.0002,1.28
3164,0.0002,0.0
3165,0.0002,1.0
3166,0.0002,0.5
3167,0.0002,0.0
3168,0.0002,0.0
3169,0.0002,0.6
3170,0.0002,0.85
3171,0.0002,1.2
3172,0.0002,1.0
3173,0.0002,0.75
3174,0.0002,0.5
3175,0.0002,1.0
3176,0.0002,0.5
3177,0.0002,0.6
3178,0.0002,3.0
3179,0.0002,0.0
3180,0.0002,1.0
3181,0.0002,1.0
3182,0.0002,0.4
3183,0.0002,0.0
3184,0.0002,0.25
3185,0.0002,1.2
3186,0.0002,0.4
3187,0.0002,3.1
3188,0.0002,0.48
3189,0.0002,1.2
3190,0.0002,0.5
3191,0.0002,1.0
3192,0.0002,2.166667
3193,0.0002,0.5
3194,0.0002,0.0
3195,0.0002,0.0
3196,0.0002,0.0
3197,0.0002,0.25
3198,0.0002,1.0
3199,0.0002,2.1
3200,0.0002,1.0
3201,0.0002,1.0
3202,0.0002,0.2
3203,0.0002,0.5
3204,0.0002,0.0
3205,0.0002,0.0
3206,0.0002,1.0
3207,0.0002,0.75
3208,0.0002,0.0
3209,0.0002,0.5
3210,0.0002,0.0
3211,0.0002,1.2
3212,0.0002,10.0
3213,0.0002,2.0
3214,0.0002,0.0
3215,0.0002,4.75
3216,0.0002,1.0
3217,0.0002,0.0
3218,0.0002,0.0
3219,0.0002,0.0
3220,0.0002,1.0
3221,0.0002,2.25
3222,0.0002,0.166667
3223,0.0002,0.5
3224,0.0002,1.2
3225,0.0002,0.75
3226,0.0002,2.25
3227,0.0002,2.25
3228,0.0002,1.0
3229,0.0002,0.0
3230,0.0002,1.85
3231,0.0002,0.0
3232,0.0002,0.5
3233,0.0002,1.75
3234,0.0002,0.75
3235,0.0002,3.5
3236,0.0002,0.25
3237,0.0002,2.25
3238,0.0002,0.5
3239,0.0002,0.0
3240,0.0002,0.5
3241,0.0002,2.25
3242,0.0002,1.0
3243,0.0002,0.6
3244,0.0002,0.4
3245,0.0002,1.0
3246,0.0002,2.5
3247,0.0002,10.0
3248,0.0002,0.0
3249,0.0002,0.0
3250,0.0002,0.8
3251,0.0002,0.0
3252,0.0002,0.0
3253,0.0002,0.0
3254,0.0002,0.25
3255,0.0002,0.75
3256,0.0002,0.0
3257,0.0002,2.5
3258,0.0002,0.0
3259,0.0002,1.0
3260,0.0002,1.75
3261,0.0002,1.0
3262,0.0002,0.0
3263,0.0002,0.5
3264,0.0002,0.0
3265,0.0002,0.6
3266,0.0002,0.4
3267,0.0002,1.333333
3268,0.0002,0.0
3269,0.0002,2.25
3270,0.0002,1.0
3271,0.0002,0.5
3272,0.0002,0.0
3273,0.0002,1.1
3274,0.0002,1.0
3275,0.0002,1.0
3276,0.0002,1.25
3277,0.0002,0.0
3278,0.0002,1.75
3279,0.0002,3.0
3280,0.0002,1.2
3281,0.0002,1.0
3282,0.0002,0.0
3283,0.0002,0.0
3284,0.0002,0.25
3285,0.0002,0.5
3286,0.0002,1.2
3287,0.0002,0.0
3288,0.0002,0.0
3289,0.0002,1.0
3290,0.0002,0.25
3291,0.0002,0.25
3292,0.0002,0.0
3293,0.0002,1.0
3294,0.0002,2.25
3295,0.0002,0.0
3296,0.0002,0.5
3297,0.0002,1.25
3298,0.0002,2.1
3299,0.0002,0.0
3300,0.0002,0.0
3301,0.0002,1.2
3302,0.0002,0.0
3303,0.0002,1.0
3304,0.0002,2.25
3305,0.0002,1.0
3306,0.0002,0.5
3307,0.0002,0.0
3308,0.0002,1.0
3309,0.0002,1.0
3310,0.0002,0.0
3311,0.0002,0.0
3312,0.0002,0.5
3313,0.0002,1.1
3314,0.0002,0.0
3315,0.0002,0.0
3316,0.0002,0.0
3317,0.0002,1.25
3318,0.0002,1.0
3319,0.0002,1.2
3320,0.0002,0.0
3321,0.0002,2.75
3322,0.0002,0.0
3323,0.0002,0.85
3324,0.0002,1.1
3325,0.0002,2.25
3326,0.0002,3.0
3327,0.0002,0.25
3328,0.0002,0.0
3329,0.0002,0.5
3330,0.0002,0.0
3331,0.0002,0.5
3332,0.0002,1.1
3333,0.0002,0.4
3334,0.0002,1.2
3335,0.0002,1.0
3336,0.0002,0.2
3337,0.0002,0.6
3338,0.0002,0.0
3339,0.0002,0.25
3340,0.0002,0.0
3341,0.0002,0.0
3342,0.0002,0.0
3343,0.0002,0.5
3344,0.0002,1.85
3345,0.0002,0.0
3346,0.0002,0.0
3347,0.0002,2.5
3348,0.0002,0.6
3349,0.0002,1.0
3350,0.0002,0.0
3351,0.0002,1.0
3352,0.0002,0.0
3353,0.0002,1.0
3354,0.0002,2.25
3355,0.0002,0.25
3356,0.0002,1.0
3357,0.0002,0.0
3358,0.0002,0.25
3359,0.0002,0.75
3360,0.0002,0.2
3361,0.0002,0.8
3362,0.0002,0.5
3363,0.0002,0.0
3364,0.0002,0.5
3365,0.0002,0.25
3366,0.0002,3.0
3367,0.0002,1.0
3368,0.0002,1.1
3369,0.0002,1.0
3370,0.0002,0.0
3371,0.0002,0.5
3372,0.0002,1.1
3373,0.0002,0.75
3374,0.0002,0.5
3375,0.0002,0.0
3376,0.0002,10.5
3377,0.0002,0.0
3378,0.0002,0.0
3379,0.0002,0.8
3380,0.0002,1.0
3381,0.0002,2.0
3382,0.0002,0.6
3383,0.0002,1.2
3384,0.0002,1.25
3385,0.0002,1.75
3386,0.0002,0.5
3387,0.0002,1.0
3388,0.0002,2.5
3389,0.0002,0.25
3390,0.0002,0.0
3391,0.0002,0.0
3392,0.0002,0.6
3393,0.0002,0.5
3394,0.0002,1.0
3395,0.0002,0.25
3396,0.0002,1.1
3397,0.0002,1.0
3398,0.0002,0.25
3399,0.0002,0.0
3400,0.0002,0.5
3401,0.0002,0.0
3402,0.0002,3.1
3403,0.0002,1.75
3404,0.0002,0.6
3405,0.0002,0.5
3406,0.0002,1.2
3407,0.0002,1.75
3408,0.0002,3.0
3409,0.0002,0.8
3410,0.0002,3.2
3411,0.0002,0.0
3412,0.0002,1.0
3413,0.0002,0.8
3414,0.0002,1.2
3415,0.0002,0.5
3416,0.0002,0.25
3417,0.0002,1.0
3418,0.0002,0.5
3419,0.0002,0.8
3420,0.0002,0.25
3421,0.0002,0.0
3422,0.0002,0.0
3423,0.0002,1.2
3424,0.0002,2.2
3425,0.0002,1.2
3426,0.0002,1.75
3427,0.0002,0.0
3428,0.0002,1.0
3429,0.0002,0.5
3430,0.0002,0.5
3431,0.0002,3.1
3432,0.0002,0.5
3433,0.0002,2.25
3434,0.0002,0.25
3435,0.0002,0.6
3436,0.0002,0.6
3437,0.0002,1.0
3438,0.0002,0.0
3439,0.0002,1.2
3440,0.0002,1.25
3441,0.0002,1.0
3442,0.0002,0.6
3443,0.0002,0.5
3444,0.0002,0.0
3445,0.0002,2.35
3446,0.0002,1.1
3447,0.0002,1.25
3448,0.0002,0.5
3449,0.0002,2.25
3450,0.0002,0.85
3451,0.0002,0.6
3452,0.0002,0.25
3453,0.0002,1.1
3454,0.0002,2.0
3455,0.0002,1.75
3456,0.0002,0.5
3457,0.0002,0.6
3458,0.0002,0.4
3459,0.0002,0.0
3460,0.0002,1.75
3461,0.0002,0.5
3462,0.0002,1.0
3463,0.0002,0.5
3464,0.0002,2.0
3465,0.0002,1.0
3466,0.0002,0.5
3467,0.0002,0.0
3468,0.0002,1.0
3469,0.0002,1.0
3470,0.0002,2.25
3471,0.0002,0.0
3472,0.0002,1.0
3473,0.0002,0.6
3474,0.0002,0.25
3475,0.0002,0.0
3476,0.0002,1.0
3477,0.0002,0.0
3478,0.0002,0.5
3479,0.0002,0.5
3480,0.0002,0.0
3481,0.0002,2.35
3482,0.0002,0.5
3483,0.0002,0.8
3484,0.0002,1.0
3485,0.0002,1.0
3486,0.0002,0.0
3487,0.0002,1.0
3488,0.0002,0.0
3489,0.0002,0.5
3490,0.0002,0.25
3491,0.0002,0.5
3492,0.0002,0.0
3493,0.0002,2.5
3494,0.0002,0.5
3495,0.0002,0.5
3496,0.0002,1.2
3497,0.0002,1.4
3498,0.0002,0.0
3499,0.0002,0.0
3500,0.0002,0.0
3501,0.0002,0.0
3502,0.0002,0.5
3503,0.0002,0.0
3504,0.0002,0.0
3505,0.0002,2.5
3506,0.0002,0.6
3507,0.0002,7.75
3508,0.0002,0.25
3509,0.0002,1.333333
3510,0.0002,0.4
3511,0.0002,0.25
3512,0.0002,0.6
3513,0.0002,0.0
3514,0.0002,1.85
3515,0.0002,1.1
3516,0.0002,1.75
3517,0.0002,0.0
3518,0.0002,0.4
3519,0.0002,1.2
3520,0.0002,3.0
3521,0.0002,0.0
3522,0.0002,0.5
3523,0.0002,1.0
3524,0.0002,3.0
3525,0.0002,0.0
3526,0.0002,0.5
3527,0.0002,0.5
3528,0.0002,2.5
3529,0.0002,0.0
3530,0.0002,1.0
3531,0.0002,0.0
3532,0.0002,0.0
3533,0.0002,2.25
3534,0.0002,2.25
3535,0.0002,1.0
3536,0.0002,1.1
3537,0.0002,1.0
3538,0.0002,0.5
3539,0.0002,1.0
3540,0.0002,0.25
3541,0.0002,0.0
3542,0.0002,0.75
3543,0.0002,1.0
3544,0.0002,1.0
3545,0.0002,1.2
3546,0.0002,1.0
3547,0.0002,0.0
3548,0.0002,0.25
3549,0.0002,1.28
3550,0.0002,1.0
3551,0.0002,0.0
3552,0.0002,1.0
3553,0.0002,0.5
3554,0.0002,0.5
3555,0.0002,0.0
3556,0.0002,1.0
3557,0.0002,0.25
3558,0.0002,0.5
3559,0.0002,1.0
3560,0.0002,0.25
3561,0.0002,0.5
3562,0.0002,0.75
3563,0.0002,1.0
3564,0.0002,0.8
3565,0.0002,1.75
3566,0.0002,1.0
3567,0.0002,0.2
3568,0.0002,1.4
3569,0.0002,0.4
3570,0.0002,1.2
3571,0.0002,2.25
3572,0.0002,0.0
3573,0.0002,0.5
3574,0.0002,3.0
3575,0.0002,2.68
3576,0.0002,1.25
3577,0.0002,0.0
3578,0.0002,3.5
3579,0.0002,0.5
3580,0.0002,3.75
3581,0.0002,0.4
3582,0.0002,2.25
3583,0.0002,3.25
3584,0.0002,0.0
3585,0.0002,1.2
3586,0.0002,0.0
3587,0.0002,0.5
3588,0.0002,1.333333
3589,0.0002,1.0
3590,0.0002,1.0
3591,0.0002,0.6
3592,0.0002,2.25
3593,0.0002,0.0
3594,0.0002,0.5
3595,0.0002,1.0
3596,0.0002,0.0
3597,0.0002,3.5
3598,0.0002,8.0
3599,0.0002,0.8
3600,0.0002,0.5
3601,0.0002,0.5
3602,0.0002,1.2
3603,0.0002,0.0
3604,0.0002,0.0
3605,0.0002,0.6
3606,0.0002,3.0
3607,0.0002,0.0
3608,0.0002,1.25
3609,0.0002,0.5
3610,0.0002,1.0
3611,0.0002,1.1
3612,0.0002,1.1
3613,0.0002,1.0
3614,0.0002,0.0
3615,0.0002,0.5
3616,0.0002,1.2
3617,0.0002,0.5
3618,0.0002,2.25
3619,0.0002,0.0
3620,0.0002,0.0
3621,0.0002,0.0
3622,0.0002,0.5
3623,0.0002,1.0
3624,0.0002,0.0
3625,0.0002,1.0
3626,0.0002,0.5
3627,0.0002,1.1
3628,0.0002,0.0
3629,0.0002,1.0
3630,0.0002,1.2
3631,0.0002,0.6
3632,0.0002,0.0
3633,0.0002,0.0
3634,0.0002,3.0
3635,0.0002,1.0
3636,0.0002,0.25
3637,0.0002,0.0
3638,0.0002,1.0
3639,0.0002,1.0
3640,0.0002,1.0
3641,0.0002,0.5
3642,0.0002,1.0
3643,0.0002,1.2
3644,0.0002,1.0
3645,0.0002,0.8
3646,0.0002,0.0
3647,0.0002,1.0
3648,0.0002,1.4
3649,0.0002,0.4
3650,0.0002,0.0
3651,0.0002,0.0
3652,0.0002,1.0
3653,0.0002,1.25
3654,0.0002,0.85
3655,0.0002,0.0
3656,0.0002,1.0
3657,0.0002,0.85
3658,0.0002,0.6
3659,0.0002,0.6
3660,0.0002,0.6
3661,0.0002,2.0
3662,0.0002,1.0
3663,0.0002,1.0
3664,0.0002,0.0
3665,0.0002,0.5
3666,0.0002,0.8
3667,0.0002,0.5
3668,0.0002,1.25
3669,0.0002,0.25
3670,0.0002,1.2
3671,0.0002,1.0
3672,0.0002,0.75
3673,0.0002,0.0
3674,0.0002,1.1
3675,0.0002,0.6
3676,0.0002,1.0
3677,0.0002,0.25
3678,0.0002,0.5
3679,0.0002,0.8
3680,0.0002,1.75
3681,0.0002,3.0
3682,0.0002,1.2
3683,0.0002,0.6
3684,0.0002,0.5
3685,0.0002,1.2
3686,0.0002,0.4
3687,0.0002,2.8
3688,0.0002,1.0
3689,0.0002,3.1
3690,0.0002,2.75
3691,0.0002,0.0
3692,0.0002,0.0
3693,0.0002,0.0
3694,0.0002,1.0
3695,0.0002,1.0
3696,0.0002,0.5
3697,0.0002,0.0
3698,0.0002,1.1
3699,0.0002,1.2
3700,0.0002,3.25
3701,0.0002,1.0
3702,0.0002,1.85
3703,0.0002,0.0
3704,0.0002,0.0
3705,0.0002,0.25
3706,0.0002,1.75
3707,0.0002,0.0
3708,0.0002,1.25
3709,0.0002,0.666667
3710,0.0002,2.2
3711,0.0002,1.0
3712,0.0002,0.5
3713,0.0002,0.0
3714,0.0002,3.0
3715,0.0002,2.25
3716,0.0002,0.0
3717,0.0002,0.5
3718,0.0002,0.0
3719,0.0002,0.8
3720,0.0002,1.0
3721,0.0002,3.6
3722,0.0002,2.35
3723,0.0002,1.2
3724,0.0002,2.2
3725,0.0002,0.0
3726,0.0002,1.2
3727,0.0002,1.0
3728,0.0002,5.0
3729,0.0002,0.25
3730,0.0002,0.5
3731,0.0002,1.1
3732,0.0002,1.0
3733,0.0002,1.1
3734,0.0002,1.0
3735,0.0002,0.75
3736,0.0002,2.2
3737,0.0002,1.0
3738,0.0002,0.4
3739,0.0002,1.2
3740,0.0002,0.25
3741,0.0002,1.333333
3742,0.0002,0.75
3743,0.0002,0.4
3744,0.0002,0.75
3745,0.0002,1.0
3746,0.0002,1.2
3747,0.0002,0.5
3748,0.0002,0.0
3749,0.0002,0.5
3750,0.0002,0.25
3751,0.0002,3.0
3752,0.0002,0.0
3753,0.0002,1.28
3754,0.0002,1.2
3755,0.0002,0.0
3756,0.0002,1.0
3757,0.0002,0.25
3758,0.0002,1.1
3759,0.0002,0.5
3760,0.0002,0.0
3761,0.0002,2.5
3762,0.0002,1.1
3763,0.0002,0.0
3764,0.0002,0.75
3765,0.0002,1.1
3766,0.0002,0.0
3767,0.0002,0.0
3768,0.0002,0.8
3769,0.0002,0.4
3770,0.0002,1.0
3771,0.0002,0.5
3772,0.0002,1.333333
3773,0.0002,0.0
3774,0.0002,0.5
3775,0.0002,1.1
3776,0.0002,1.1
3777,0.0002,0.6
3778,0.0002,0.0
3779,0.0002,1.4
3780,0.0002,1.0
3781,0.0002,0.25
3782,0.0002,0.0
3783,0.0002,0.0
3784,0.0002,1.75
3785,0.0002,0.4
3786,0.0002,0.8
3787,0.0002,0.6
3788,0.0002,1.0
3789,0.0002,0.5
3790,0.0002,1.0
3791,0.0002,1.0
3792,0.0002,0.0
3793,0.0002,0.75
3794,0.0002,0.0
3795,0.0002,1.0
3796,0.0002,2.0
3797,0.0002,2.8
3798,0.0002,1.666667
3799,0.0002,1.8
3800,0.0002,0.5
3801,0.0002,0.0
3802,0.0002,0.0
3803,0.0002,1.2
3804,0.0002,1.0
3805,0.0002,1.25
3806,0.0002,1.0
3807,0.0002,2.2
3808,0.0002,1.1
3809,0.0002,1.0
3810,0.0002,0.5
3811,0.0002,8.4
3812,0.0002,2.0
3813,0.0002,1.0
3814,0.0002,0.0
3815,0.0002,0.4
3816,0.0002,0.4
3817,0.0002,0.0
3818,0.0002,0.5
3819,0.0002,0.75
3820,0.0002,4.0
3821,0.0002,1.0
3822,0.0002,0.5
3823,0.0002,0.5
3824,0.0002,0.0
3825,0.0002,1.0
3826,0.0002,0.75
3827,0.0002,0.0
3828,0.0002,0.0
3829,0.0002,0.0
3830,0.0002,0.5
3831,0.0002,0.8
3832,0.0002,1.2
3833,0.0002,0.5
3834,0.0002,2.0
3835,0.0002,2.1
3836,0.0002,0.0
3837,0.0002,0.8
3838,0.0002,0.0
3839,0.0002,0.5
3840,0.0002,1.0
3841,0.0002,0.0
3842,0.0002,1.5
3843,0.0002,1.2
3844,0.0002,1.0
3845,0.0002,0.25
3846,0.0002,0.25
3847,0.0002,0.5
3848,0.0002,0.0
3849,0.0002,0.0
3850,0.0002,2.25
3851,0.0002,0.0
3852,0.0002,1.0
3853,0.0002,0.0
3854,0.0002,0.0
3855,0.0002,0.8
3856,0.0002,0.5
3857,0.0002,0.0
3858,0.0002,0.25
3859,0.0002,1.0
3860,0.0002,0.6
3861,0.0002,0.0
3862,0.0002,1.0
3863,0.0002,1.5
3864,0.0002,1.25
3865,0.0002,0.0
3866,0.0002,1.2
3867,0.0002,1.0
3868,0.0002,1.75
3869,0.0002,0.0
3870,0.0002,0.6
3871,0.0002,0.25
3872,0.0002,0.0
3873,0.0002,1.0
3874,0.0002,0.0
3875,0.0002,0.75
3876,0.0002,0.75
3877,0.0002,0.6
3878,0.0002,1.0
3879,0.0002,0.6
3880,0.0002,1.75
3881,0.0002,0.0
3882,0.0002,0.8
3883,0.0002,0.0
3884,0.0002,1.333333
3885,0.0002,1.1
3886,0.0002,1.25
3887,0.0002,0.6
3888,0.0002,0.0
3889,0.0002,0.0
3890,0.0002,1.0
3891,0.0002,0.8
3892,0.0002,0.6
3893,0.0002,0.0
3894,0.0002,1.75
3895,0.0002,1.0
3896,0.0002,1.28
3897,0.0002,0.0
3898,0.0002,1.2
3899,0.0002,1.75
3900,0.0002,1.75
3901,0.0002,0.4
3902,0.0002,0.6
3903,0.0002,0.0
3904,0.0002,1.0
3905,0.0002,1.1
3906,0.0002,0.6
3907,0.0002,0.8
3908,0.0002,0.75
3909,0.0002,1.0
3910,0.0002,0.0
3911,0.0002,0.0
3912,0.0002,0.0
3913,0.0002,1.2
3914,0.0002,0.5
3915,0.0002,0.25
3916,0.0002,0.0
3917,0.0002,1.0
3918,0.0002,1.0
3919,0.0002,1.1
3920,0.0002,11.25
3921,0.0002,1.8
3922,0.0002,1.0
3923,0.0002,1.0
3924,0.0002,0.0
3925,0.0002,0.75
3926,0.0002,0.0
3927,0.0002,1.0
3928,0.0002,1.2
3929,0.0002,0.5
3930,0.0002,0.5
3931,0.0002,0.4
3932,0.0002,0.5
3933,0.0002,1.2
3934,0.0002,1.2
3935,0.0002,0.25
3936,0.0002,0.25
3937,0.0002,0.5
3938,0.0002,0.0
3939,0.0002,0.5
3940,0.0002,0.0
3941,0.0002,2.5
3942,0.0002,0.0
3943,0.0002,1.0
3944,0.0002,0.0
3945,0.0002,0.0
3946,0.0002,0.0
3947,0.0002,1.0
3948,0.0002,1.0
3949,0.0002,0.0
3950,0.0002,0.25
3951,0.0002,1.0
3952,0.0002,0.0
3953,0.0002,0.0
3954,0.0002,1.25
3955,0.0002,0.0
3956,0.0002,0.5
3957,0.0002,2.2
3958,0.0002,1.0
3959,0.0002,0.0
3960,0.0002,2.8
3961,0.0002,0.5
3962,0.0002,0.6
3963,0.0002,1.28
3964,0.0002,0.25
3965,0.0002,0.5
3966,0.0002,0.0
3967,0.0002,0.25
3968,0.0002,0.5
3969,0.0002,1.2
3970,0.0002,1.2
3971,0.0002,0.5
3972,0.0002,0.5
3973,0.0002,1.25
3974,0.0002,1.0
3975,0.0002,0.5
3976,0.0002,1.0
3977,0.0002,0.2
3978,0.0002,0.5
3979,0.0002,2.25
3980,0.0002,0.4
3981,0.0002,1.0
3982,0.0002,1.0
3983,0.0002,3.28
3984,0.0002,0.5
3985,0.0002,1.2
3986,0.0002,0.0
3987,0.0002,0.25
3988,0.0002,0.0
3989,0.0002,0.333333
3990,0.0002,0.5
3991,0.0002,1.25
3992,0.0002,0.0
3993,0.0002,2.75
3994,0.0002,0.0
3995,0.0002,1.25
3996,0.0002,1.75
3997,0.0002,1.75
3998,0.0002,0.5
3999,0.0002,1.25
4000,0.0002,0.0
4001,0.0002,1.0
4002,0.0002,0.5
4003,0.0002,2.25
4004,0.0002,2.5
4005,0.0002,1.2
4006,0.0002,0.0
4007,0.0002,1.2
4008,0.0002,0.5
4009,0.0002,0.5
4010,0.0002,0.0
4011,0.0002,4.0
4012,0.0002,1.0
4013,0.0002,0.0
4014,0.0002,0.0
4015,0.0002,0.0
4016,0.0002,1.0
4017,0.0002,0.5
4018,0.0002,1.25
4019,0.0002,1.0
4020,0.0002,0.0
4021,0.0002,0.0
4022,0.0002,2.0
4023,0.0002,0.0
4024,0.0002,0.25
4025,0.0002,0.5
4026,0.0002,1.5
4027,0.0002,0.0
4028,0.0002,1.0
4029,0.0002,0.5
4030,0.0002,0.0
4031,0.0002,0.0
4032,0.0002,0.4
4033,0.0002,1.0
4034,0.0002,0.0
4035,0.0002,0.0
4036,0.0002,0.0
4037,0.0002,1.0
4038,0.0002,0.8
4039,0.0002,0.0
4040,0.0002,1.0
4041,0.0002,1.0
4042,0.0002,0.0
4043,0.0002,0.0
4044,0.0002,0.0
4045,0.0002,0.75
4046,0.0002,8.6
4047,0.0002,0.0
4048,0.0002,1.8
4049,0.0002,1.85
4050,0.0002,0.0
4051,0.0002,0.5
4052,0.0002,0.8
4053,0.0002,1.0
4054,0.0002,0.0
4055,0.0002,0.8
4056,0.0002,2.25
4057,0.0002,1.0
4058,0.0002,0.6
4059,0.0002,0.0
4060,0.0002,0.5
4061,0.0002,0.0
4062,0.0002,0.25
4063,0.0002,1.2
4064,0.0002,0.6
4065,0.0002,1.0
4066,0.0002,0.25
4067,0.0002,0.4
4068,0.0002,2.2
4069,0.0002,0.5
4070,0.0002,1.0
4071,0.0002,0.0
4072,0.0002,0.5
4073,0.0002,0.5
4074,0.0002,1.2
4075,0.0002,2.75
4076,0.0002,1.333333
4077,0.0002,3.0
4078,0.0002,2.0
4079,0.0002,0.4
4080,0.0002,1.0
4081,0.0002,0.0
4082,0.0002,2.25
4083,0.0002,0.5
4084,0.0002,0.6
4085,0.0002,0.0
4086,0.0002,0.6
4087,0.0002,0.5
4088,0.0002,1.0
4089,0.0002,0.0
4090,0.0002,0.25
4091,0.0002,0.5
4092,0.0002,1.0
4093,0.0002,1.1
4094,0.0002,0.0
4095,0.0002,0.75
4096,0.0002,0.0
4097,0.0002,0.0
4098,0.0002,1.1
4099,0.0002,0.4
4100,0.0002,1.1
4101,0.0002,2.25
4102,0.0002,1.75
4103,0.0002,0.4
4104,0.0002,1.0
4105,0.0002,0.5
4106,0.0002,1.25
4107,0.0002,1.28
4108,0.0002,1.0
4109,0.0002,1.2
4110,0.0002,1.2
4111,0.0002,1.25
4112,0.0002,1.1
4113,0.0002,1.0
4114,0.0002,0.8
4115,0.0002,2.25
4116,0.0002,0.0
4117,0.0002,3.5
4118,0.0002,0.0
4119,0.0002,0.25
4120,0.0002,1.0
4121,0.0002,1.0
4122,0.0002,0.0
4123,0.0002,0.25
4124,0.0002,0.5
4125,0.0002,0.0
4126,0.0002,0.25
4127,0.0002,3.1
4128,0.0002,0.25
4129,0.0002,0.25
4130,0.0002,1.0
4131,0.0002,2.0
4132,0.0002,1.0
4133,0.0002,1.0
4134,0.0002,0.0
4135,0.0002,1.4
4136,0.0002,0.25
4137,0.0002,0.5
4138,0.0002,1.75
4139,0.0002,0.0
4140,0.0002,1.0
4141,0.0002,0.0
4142,0.0002,0.0
4143,0.0002,0.25
4144,0.0002,0.2
4145,0.0002,0.0
4146,0.0002,1.333333
4147,0.0002,0.5
4148,0.0002,0.5
4149,0.0002,0.0
4150,0.0002,0.0
4151,0.0002,1.4
4152,0.0002,1.2
4153,0.0002,0.6
4154,0.0002,0.5
4155,0.0002,0.5
4156,0.0002,1.85
4157,0.0002,0.0
4158,0.0002,1.0
4159,0.0002,0.0
4160,0.0002,1.0
4161,0.0002,1.0
4162,0.0002,1.0
4163,0.0002,1.0
4164,0.0002,0.0
4165,0.0002,0.8
4166,0.0002,0.5
4167,0.0002,1.0
4168,0.0002,0.0
4169,0.0002,0.0
4170,0.0002,0.0
4171,0.0002,2.2
4172,0.0002,0.0
4173,0.0002,0.0
4174,0.0002,0.0
4175,0.0002,3.5
4176,0.0002,0.25
4177,0.0002,1.2
4178,0.0002,1.8
4179,0.0002,1.75
4180,0.0002,0.0
4181,0.0002,2.25
4182,0.0002,0.0
4183,0.0002,1.0
4184,0.0002,0.25
4185,0.0002,0.0
4186,0.0002,0.8
4187,0.0002,2.5
4188,0.0002,7.75
4189,0.0002,0.0
4190,0.0002,0.25
4191,0.0002,1.2
4192,0.0002,0.5
4193,0.0002,1.0
4194,0.0002,0.0
4195,0.0002,1.0
4196,0.0002,2.75
4197,0.0002,1.0
4198,0.0002,1.0
4199,0.0002,0.0
4200,0.0002,0.25
4201,0.0002,1.25
4202,0.0002,0.0
4203,0.0002,0.5
4204,0.0002,0.25
4205,0.0002,0.0
4206,0.0002,1.0
4207,0.0002,1.2
4208,0.0002,0.5
4209,0.0002,3.1
4210,0.0002,0.5
4211,0.0002,8.5
4212,0.0002,0.0
4213,0.0002,0.6
4214,0.0002,1.75
4215,0.0002,2.25
4216,0.0002,0.5
4217,0.0002,3.5
4218,0.0002,0.5
4219,0.0002,1.5
4220,0.0002,0.0
4221,0.0002,1.0
4222,0.0002,1.0
4223,0.0002,1.75
4224,0.0002,1.1
4225,0.0002,1.0
4226,0.0002,4.25
4227,0.0002,0.0
4228,0.0002,1.1
4229,0.0002,1.0
4230,0.0002,0.25
4231,0.0002,2.0
4232,0.0002,0.0
4233,0.0002,1.0
4234,0.0002,1.4
4235,0.0002,0.0
4236,0.0002,0.75
4237,0.0002,2.0
4238,0.0002,0.0
4239,0.0002,1.1
4240,0.0002,1.25
4241,0.0002,1.75
4242,0.0002,1.0
4243,0.0002,2.25
4244,0.0002,1.0
4245,0.0002,1.75
4246,0.0002,0.0
4247,0.0002,1.75
4248,0.0002,2.5
4249,0.0002,0.48
4250,0.0002,0.8
4251,0.0002,1.0
4252,0.0002,0.0
4253,0.0002,4.0
4254,0.0002,0.25
4255,0.0002,0.0
4256,0.0002,1.0
4257,0.0002,0.6
4258,0.0002,0.0
4259,0.0002,0.5
4260,0.0002,4.25
4261,0.0002,0.0
4262,0.0002,1.2
4263,0.0002,0.4
4264,0.0002,0.75
4265,0.0002,1.333333
4266,0.0002,1.0
4267,0.0002,0.5
4268,0.0002,0.0
4269,0.0002,0.0
4270,0.0002,0.48
4271,0.0002,1.0
4272,0.0002,1.0
4273,0.0002,0.5
4274,0.0002,0.5
4275,0.0002,2.75
4276,0.0002,0.0
4277,0.0002,0.5
4278,0.0002,0.0
4279,0.0002,1.0
4280,0.0002,1.0
4281,0.0002,1.0
4282,0.0002,0.4
4283,0.0002,1.5
4284,0.0002,1.0
4285,0.0002,1.0
4286,0.0002,1.0
4287,0.0002,0.0
4288,0.0002,1.25
4289,0.0002,0.0
4290,0.0002,1.2
4291,0.0002,0.0
4292,0.0002,0.75
4293,0.0002,0.0
4294,0.0002,1.0
4295,0.0002,0.4
4296,0.0002,0.25
4297,0.0002,0.5
4298,0.0002,0.0
4299,0.0002,0.25
4300,0.0002,1.0
4301,0.0002,1.75
4302,0.0002,0.0
4303,0.0002,0.75
4304,0.0002,0.0
4305,0.0002,1.2
4306,0.0002,1.0
4307,0.0002,0.8
4308,0.0002,0.5
4309,0.0002,0.0
4310,0.0002,3.0
4311,0.0002,0.0
4312,0.0002,8.2
4313,0.0002,1.2
4314,0.0002,1.0
4315,0.0002,1.0
4316,0.0002,1.0
4317,0.0002,1.0
4318,0.0002,0.0
4319,0.0002,0.0
4320,0.0002,0.25
4321,0.0002,0.0
4322,0.0002,0.0
4323,0.0002,1.28
4324,0.0002,2.75
4325,0.0002,0.0
4326,0.0002,0.5
4327,0.0002,0.8
4328,0.0002,3.25
4329,0.0002,1.25
4330,0.0002,0.2
4331,0.0002,0.8
4332,0.0002,1.0
4333,0.0002,0.5
4334,0.0002,0.4
4335,0.0002,1.1
4336,0.0002,2.75
4337,0.0002,0.0
4338,0.0002,1.0
4339,0.0002,1.1
4340,0.0002,0.5
4341,0.0002,0.0
4342,0.0002,1.1
4343,0.0002,3.2
4344,0.0002,1.0
4345,0.0002,1.0
4346,0.0002,2.25
4347,0.0002,1.2
4348,0.0002,1.0
4349,0.0002,0.25
4350,0.0002,0.6
4351,0.0002,1.2
4352,0.0002,1.0
4353,0.0002,0.5
4354,0.0002,1.0
4355,0.0002,1.0
4356,0.0002,0.4
4357,0.0002,0.5
4358,0.0002,0.0
4359,0.0002,1.0
4360,0.0002,2.25
4361,0.0002,1.0
4362,0.0002,0.6
4363,0.0002,0.25
4364,0.0002,0.6
4365,0.0002,2.25
4366,0.0002,0.0
4367,0.0002,0.8
4368,0.0002,0.0
4369,0.0002,0.5
4370,0.0002,1.0
4371,0.0002,0.85
4372,0.0002,0.0
4373,0.0002,0.0
4374,0.0002,1.4
4375,0.0002,0.25
4376,0.0002,0.48
4377,0.0002,1.166667
4378,0.0002,1.0
4379,0.0002,0.75
4380,0.0002,0.5
4381,0.0002,1.5
4382,0.0002,0.25
4383,0.0002,0.0
4384,0.0002,1.75
4385,0.0002,1.0
4386,0.0002,1.0
4387,0.0002,1.0
4388,0.0002,1.25
4389,0.0002,3.5
4390,0.0002,3.0
4391,0.0002,0.5
4392,0.0002,1.0
4393,0.0002,0.5
4394,0.0002,3.5
4395,0.0002,1.75
4396,0.0002,1.0
4397,0.0002,2.25
4398,0.0002,0.0
4399,0.0002,1.0
4400,0.0002,1.0
4401,0.0002,0.0
4402,0.0002,0.0
4403,0.0002,1.0
4404,0.0002,0.0
4405,0.0002,1.0
4406,0.0002,0.5
4407,0.0002,1.25
4408,0.0002,0.5
4409,0.0002,0.5
4410,0.0002,0.0
4411,0.0002,0.25
4412,0.0002,0.0
4413,0.0002,3.2
4414,0.0002,0.0
4415,0.0002,0.0
4416,0.0002,0.6
4417,0.0002,1.1
4418,0.0002,0.0
4419,0.0002,0.5
4420,0.0002,1.0
4421,0.0002,1.2
4422,0.0002,1.0
4423,0.0002,1.25
4424,0.0002,0.2
4425,0.0002,0.8
4426,0.0002,0.5
4427,0.0002,0.0
4428,0.0002,1.2
4429,0.0002,0.25
4430,0.0002,3.2
4431,0.0002,0.0
4432,0.0002,0.5
4433,0.0002,0.0
4434,0.0002,2.2
4435,0.0002,0.0
4436,0.0002,0.25
4437,0.0002,0.6
4438,0.0002,1.0
4439,0.0002,0.0
4440,0.0002,0.6
4441,0.0002,0.5
4442,0.0002,0.25
4443,0.0002,0.0
4444,0.0002,1.0
4445,0.0002,0.0
4446,0.0002,2.4
4447,0.0002,1.0
4448,0.0002,0.0
4449,0.0002,0.5
4450,0.0002,3.75
4451,0.0002,0.0
4452,0.0002,0.6
4453,0.0002,0.5
4454,0.0002,1.0
4455,0.0002,0.0
4456,0.0002,2.75
4457,0.0002,0.5
4458,0.0002,0.0
4459,0.0002,1.25
4460,0.0002,0.5
4461,0.0002,0.5
4462,0.0002,1.0
4463,0.0002,1.1
4464,0.0002,0.0
4465,0.0002,1.0
4466,0.0002,1.0
4467,0.0002,0.0
4468,0.0002,0.0
4469,0.0002,1.4
4470,0.0002,1.48
4471,0.0002,0.25
4472,0.0002,0.0
4473,0.0002,0.0
4474,0.0002,0.25
4475,0.0002,2.25
4476,0.0002,0.75
4477,0.0002,0.666667
4478,0.0002,0.0
4479,0.0002,0.6
4480,0.0002,0.5
4481,0.0002,1.2
4482,0.0002,1.0
4483,0.0002,0.0
4484,0.0002,0.2
4485,0.0002,0.0
4486,0.0002,1.2
4487,0.0002,0.48
4488,0.0002,0.0
4489,0.0002,0.0
4490,0.0002,0.6
4491,0.0002,0.5
4492,0.0002,1.0
4493,0.0002,0.85
4494,0.0002,3.1
4495,0.0002,0.25
4496,0.0002,0.5
4497,0.0002,0.0
4498,0.0002,0.25
4499,0.0002,0.5
4500,0.0002,1.0
4501,0.0002,0.0
4502,0.0002,0.0
4503,0.0002,0.0
4504,0.0002,0.0
4505,0.0002,0.25
4506,0.0002,1.0
4507,0.0002,0.0
4508,0.0002,0.8
4509,0.0002,0.5
4510,0.0002,0.25
4511,0.0002,1.0
4512,0.0002,0.5
4513,0.0002,0.0
4514,0.0002,0.0
4515,0.0002,0.5
4516,0.0002,3.0
4517,0.0002,1.0
4518,0.0002,0.0
4519,0.0002,0.0
4520,0.0002,1.2
4521,0.0002,0.5
4522,0.0002,0.0
4523,0.0002,3.5
4524,0.0002,0.0
4525,0.0002,0.0
4526,0.0002,2.0
4527,0.0002,1.0
4528,0.0002,0.0
4529,0.0002,8.0
4530,0.0002,0.25
4531,0.0002,1.75
4532,0.0002,1.0
4533,0.0002,3.0
4534,0.0002,0.8
4535,0.0002,1.0
4536,0.0002,0.0
4537,0.0002,1.2
4538,0.0002,0.0
4539,0.0002,1.0
4540,0.0002,0.8
4541,0.0002,1.0
4542,0.0002,0.75
4543,0.0002,1.2
4544,0.0002,1.2
4545,0.0002,0.25
4546,0.0002,0.25
4547,0.0002,0.0
4548,0.0002,0.0
4549,0.0002,1.8
4550,0.0002,0.0
4551,0.0002,0.0
4552,0.0002,0.5
4553,0.0002,0.25
4554,0.0002,1.0
4555,0.0002,1.2
4556,0.0002,0.5
4557,0.0002,0.0
4558,0.0002,0.8
4559,0.0002,3.7
4560,0.0002,0.0
4561,0.0002,0.6
4562,0.0002,0.25
4563,0.0002,0.25
4564,0.0002,0.0
4565,0.0002,0.5
4566,0.0002,2.25
4567,0.0002,0.2
4568,0.0002,1.28
4569,0.0002,0.25
4570,0.0002,1.5
4571,0.0002,0.5
4572,0.0002,0.5
4573,0.0002,1.0
4574,0.0002,1.5
4575,0.0002,2.5
4576,0.0002,1.0
4577,0.0002,0.0
4578,0.0002,0.25
4579,0.0002,0.5
4580,0.0002,0.0
4581,0.0002,1.0
4582,0.0002,1.0
4583,0.0002,0.0
4584,0.0002,0.5
4585,0.0002,1.0
4586,0.0002,0.5
4587,0.0002,2.25
4588,0.0002,1.0
4589,0.0002,1.0
4590,0.0002,0.5
4591,0.0002,2.25
4592,0.0002,0.25
4593,0.0002,1.0
4594,0.0002,1.0
4595,0.0002,0.0
4596,0.0002,0.85
4597,0.0002,1.0
4598,0.0002,1.1
4599,0.0002,2.25
4600,0.0002,0.0
4601,0.0002,1.0
4602,0.0002,1.5
4603,0.0002,0.666667
4604,0.0002,1.0
4605,0.0002,0.5
4606,0.0002,0.0
4607,0.0002,0.5
4608,0.0002,0.5
4609,0.0002,0.0
4610,0.0002,0.25
4611,0.0002,0.0
4612,0.0002,0.5
4613,0.0002,0.0
4614,0.0002,2.0
4615,0.0002,0.0
4616,0.0002,1.2
4617,0.0002,1.75
4618,0.0002,2.25
4619,0.0002,0.8
4620,0.0002,1.0
4621,0.0002,0.4
4622,0.0002,1.8
4623,0.0002,0.5
4624,0.0002,0.2
4625,0.0002,0.8
4626,0.0002,0.5
4627,0.0002,0.5
4628,0.0002,0.0
4629,0.0002,2.25
4630,0.0002,1.4
4631,0.0002,1.25
4632,0.0002,1.0
4633,0.0002,0.0
4634,0.0002,0.0
4635,0.0002,0.0
4636,0.0002,1.0
4637,0.0002,0.25
4638,0.0002,0.25
4639,0.0002,0.5
4640,0.0002,3.1
4641,0.0002,1.2
4642,0.0002,1.1
4643,0.0002,0.0
4644,0.0002,0.75
4645,0.0002,0.0
4646,0.0002,1.25
4647,0.0002,0.2
4648,0.0002,1.2
4649,0.0002,1.0
4650,0.0002,0.0
4651,0.0002,0.0
4652,0.0002,0.0
4653,0.0002,0.25
4654,0.0002,0.25
4655,0.0002,0.0
4656,0.0002,0.0
4657,0.0002,2.5
4658,0.0002,0.5
4659,0.0002,0.5
4660,0.0002,0.75
4661,0.0002,0.6
4662,0.0002,2.75
4663,0.0002,0.0
4664,0.0002,0.5
4665,0.0002,1.333333
4666,0.0002,0.0
4667,0.0002,0.0
4668,0.0002,0.75
4669,0.0002,1.0
4670,0.0002,2.75
4671,0.0002,1.0
4672,0.0002,1.2
4673,0.0002,1.0
4674,0.0002,2.25
4675,0.0002,1.25
4676,0.0002,0.6
4677,0.0002,0.25
4678,0.0002,0.0
4679,0.0002,1.0
4680,0.0002,1.2
4681,0.0002,0.0
4682,0.0002,1.0
4683,0.0002,0.0
4684,0.0002,0.25
4685,0.0002,0.0
4686,0.0002,1.1
4687,0.0002,0.0
4688,0.0002,0.8
4689,0.0002,1.0
4690,0.0002,0.25
4691,0.0002,0.0
4692,0.0002,0.5
4693,0.0002,1.25
4694,0.0002,1.25
4695,0.0002,0.0
4696,0.0002,0.0
4697,0.0002,1.0
4698,0.0002,1.0
4699,0.0002,0.0
4700,0.0002,3.5
4701,0.0002,0.0
4702,0.0002,1.0
4703,0.0002,6.4
4704,0.0002,3.0
4705,0.0002,0.5
4706,0.0002,0.0
4707,0.0002,0.0
4708,0.0002,0.0
4709,0.0002,0.5
4710,0.0002,1.333333
4711,0.0002,1.0
4712,0.0002,1.2
4713,0.0002,0.85
4714,0.0002,0.25
4715,0.0002,0.4
4716,0.0002,2.25
4717,0.0002,1.0
4718,0.0002,0.5
4719,0.0002,0.25
4720,0.0002,1.2
4721,0.0002,1.0
4722,0.0002,0.5
4723,0.0002,1.0
4724,0.0002,0.0
4725,0.0002,1.0
4726,0.0002,1.25
4727,0.0002,0.6
4728,0.0002,0.0
4729,0.0002,0.5
4730,0.0002,1.25
4731,0.0002,0.5
4732,0.0002,0.6
4733,0.0002,0.75
4734,0.0002,1.1
4735,0.0002,1.0
4736,0.0002,2.0
4737,0.0002,0.0
4738,0.0002,0.0
4739,0.0002,3.2
4740,0.0002,1.0
4741,0.0002,0.6
4742,0.0002,1.0
4743,0.0002,1.0
4744,0.0002,0.5
4745,0.0002,0.0
4746,0.0002,1.0
4747,0.0002,0.0
4748,0.0002,0.5
4749,0.0002,0.5
4750,0.0002,0.0
4751,0.0002,0.0
4752,0.0002,0.0
4753,0.0002,0.0
4754,0.0002,1.85
4755,0.0002,1.25
4756,0.0002,1.75
4757,0.0002,1.0
4758,0.0002,0.0
4759,0.0002,2.25
4760,0.0002,0.85
4761,0.0002,5.0
4762,0.0002,3.0
4763,0.0002,1.28
4764,0.0002,2.0
4765,0.0002,3.35
4766,0.0002,0.25
4767,0.0002,0.6
4768,0.0002,1.2
4769,0.0002,0.8
4770,0.0002,1.0
4771,0.0002,0.6
4772,0.0002,0.5
4773,0.0002,0.25
4774,0.0002,0.0
4775,0.0002,1.0
4776,0.0002,0.4
4777,0.0002,0.25
4778,0.0002,0.5
4779,0.0002,0.5
4780,0.0002,0.25
4781,0.0002,0.5
4782,0.0002,0.0
4783,0.0002,0.0
4784,0.0002,2.35
4785,0.0002,1.0
4786,0.0002,1.0
4787,0.0002,1.25
4788,0.0002,0.0
4789,0.0002,0.0
4790,0.0002,0.0
4791,0.0002,0.8
4792,0.0002,1.0
4793,0.0002,0.85
4794,0.0002,0.4
4795,0.0002,1.0
4796,0.0002,1.0
4797,0.0002,0.25
4798,0.0002,1.0
4799,0.0002,0.5
4800,0.0002,0.0
4801,0.0002,0.0
4802,0.0002,2.25
4803,0.0002,1.0
4804,0.0002,1.0
4805,0.0002,1.1
4806,0.0002,1.0
4807,0.0002,1.2
4808,0.0002,0.25
4809,0.0002,0.5
4810,0.0002,0.25
4811,0.0002,0.8
4812,0.0002,0.5
4813,0.0002,0.5
4814,0.0002,8.6
4815,0.0002,2.25
4816,0.0002,0.0
4817,0.0002,0.0
4818,0.0002,2.2
4819,0.0002,1.2
4820,0.0002,0.5
4821,0.0002,0.25
4822,0.0002,0.0
4823,0.0002,1.75
4824,0.0002,0.0
4825,0.0002,2.166667
4826,0.0002,0.48
4827,0.0002,0.5
4828,0.0002,3.25
4829,0.0002,0.4
4830,0.0002,0.0
4831,0.0002,0.0
4832,0.0002,0.0
4833,0.0002,1.28
4834,0.0002,0.0
4835,0.0002,0.0
4836,0.0002,0.0
4837,0.0002,0.75
4838,0.0002,1.333333
4839,0.0002,0.0
4840,0.0002,2.2
4841,0.0002,2.35
4842,0.0002,0.0
4843,0.0002,3.5
4844,0.0002,0.5
4845,0.0002,1.0
4846,0.0002,1.5
4847,0.0002,0.6
4848,0.0002,1.0
4849,0.0002,1.0
4850,0.0002,0.5
4851,0.0002,1.0
4852,0.0002,0.0
4853,0.0002,0.5
4854,0.0002,1.1
4855,0.0002,0.0
4856,0.0002,1.0
4857,0.0002,1.0
4858,0.0002,1.25
4859,0.0002,3.5
4860,0.0002,0.0
4861,0.0002,0.0
4862,0.0002,0.6
4863,0.0002,1.25
4864,0.0002,0.5
4865,0.0002,1.0
4866,0.0002,0.5
4867,0.0002,1.2
4868,0.0002,1.0
4869,0.0002,1.2
4870,0.0002,0.0
4871,0.0002,2.75
4872,0.0002,1.0
4873,0.0002,2.5
4874,0.0002,0.25
4875,0.0002,3.5
4876,0.0002,1.25
4877,0.0002,0.0
4878,0.0002,0.5
4879,0.0002,0.0
4880,0.0002,1.0
4881,0.0002,0.5
4882,0.0002,1.0
4883,0.0002,1.5
4884,0.0002,1.85
4885,0.0002,0.0
4886,0.0002,0.25
4887,0.0002,0.0
4888,0.0002,0.0
4889,0.0002,1.0
4890,0.0002,0.25
4891,0.0002,0.0
4892,0.0002,1.0
4893,0.0002,1.0
4894,0.0002,2.35
4895,0.0002,1.85
4896,0.0002,0.0
4897,0.0002,0.0
4898,0.0002,0.5
4899,0.0002,0.2
4900,0.0002,0.4
4901,0.0002,1.0
4902,0.0002,0.8
4903,0.0002,0.2
4904,0.0002,0.0
4905,0.0002,0.25
4906,0.0002,1.25
4907,0.0002,0.6
4908,0.0002,0.25
4909,0.0002,1.1
4910,0.0002,3.5
4911,0.0002,0.25
4912,0.0002,5.5
4913,0.0002,0.0
4914,0.0002,0.0
4915,0.0002,1.0
4916,0.0002,0.0
4917,0.0002,3.2
4918,0.0002,7.5
4919,0.0002,0.0
4920,0.0002,1.2
4921,0.0002,2.5
4922,0.0002,0.0
4923,0.0002,0.0
4924,0.0002,0.5
4925,0.0002,1.1
4926,0.0002,0.25
4927,0.0002,0.0
4928,0.0002,0.8
4929,0.0002,2.25
4930,0.0002,1.2
4931,0.0002,1.25
4932,0.0002,1.25
4933,0.0002,7.5
4934,0.0002,0.6
4935,0.0002,0.0
4936,0.0002,0.0
4937,0.0002,1.4
4938,0.0002,0.0
4939,0.0002,2.5
4940,0.0002,2.5
4941,0.0002,1.0
4942,0.0002,2.2
4943,0.0002,1.1
4944,0.0002,1.2
4945,0.0002,0.0
4946,0.0002,0.0
4947,0.0002,2.25
4948,0.0002,1.1
4949,0.0002,1.0
4950,0.0002,0.0
4951,0.0002,0.5
4952,0.0002,1.0
4953,0.0002,1.0
4954,0.0002,0.0
4955,0.0002,0.0
4956,0.0002,0.75
4957,0.0002,0.0
4958,0.0002,0.6
4959,0.0002,0.8
4960,0.0002,1.75
4961,0.0002,1.0
4962,0.0002,1.0
4963,0.0002,1.0
4964,0.0002,0.5
4965,0.0002,0.5
4966,0.0002,0.5
4967,0.0002,0.25
4968,0.0002,0.0
4969,0.0002,0.0
4970,0.0002,0.5
4971,0.0002,0.2
4972,0.0002,2.25
4973,0.0002,0.0
4974,0.0002,0.5
4975,0.0002,0.0
4976,0.0002,0.5
4977,0.0002,0.0
4978,0.0002,1.25
4979,0.0002,1.0
4980,0.0002,3.2
4981,0.0002,0.0
4982,0.0002,0.0
4983,0.0002,0.0
4984,0.0002,1.0
4985,0.0002,0.0
4986,0.0002,0.0
4987,0.0002,3.2
4988,0.0002,0.333333
4989,0.0002,1.0
4990,0.0002,0.0
4991,0.0002,0.0
4992,0.0002,0.5
4993,0.0002,0.0
4994,0.0002,0.0
4995,0.0002,0.5
4996,0.0002,1.4
4997,0.0002,0.0
4998,0.0002,1.2
4999,0.0002,1.2
5000,0.0002,1.0
